TIMECODE,ACC_X,ACC_Y,ACC_Z,GYR_X,GYR_Y,GYR_Z,ECG_I,ECG_II,ECG_III,TAG
,-0.056,0.409,0.899,34.851,6.469,-31.739,0,0,0,
,-0.043,0.395,0.906,55.542,12.085,-23.316,0,0,0,
,-0.043,0.362,0.922,53.894,11.352,-25.269,0,0,0,
,-0.038,0.343,0.926,33.752,9.643,-22.278,0,0,0,
,-0.038,0.357,0.927,18.066,6.225,-27.71,0,0,0,
,-0.041,0.385,0.916,20.019,3.173,-18.555,0,0,0,
,-0.047,0.4,0.911,42.358,2.563,-21.851,0,0,0,
,-0.05,0.393,0.913,65.551,5.188,-23.804,0,0,0,
,-0.049,0.358,0.92,62.072,10.07,-21.79,0,0,0,
,-0.042,0.323,0.931,27.587,13.183,-26.246,0,0,0,
,-0.034,0.315,0.934,-29.419,10.437,-20.813,0,0,0,
,-0.035,0.332,0.933,-92.53,4.211,-19.165,0,0,0,
,-0.045,0.384,0.935,-67.078,-0.428,-16.48,0,0,0,
,-0.05,0.418,0.904,-20.264,-2.198,-26.917,0,0,0,
,-0.052,0.435,0.898,28.808,4.943,-13.794,0,0,0,
,-0.049,0.382,0.906,60.241,12.573,-27.161,0,0,0,
,-0.04,0.335,0.924,45.898,17.211,-26.307,0,0,0,
,-0.036,0.332,0.933,6.225,11.901,-24.109,0,0,0,
,-0.041,0.348,0.923,-25.147,8.422,-20.813,0,0,0,
,-0.041,0.383,0.918,-26.246,3.54,-18.616,0,0,0,
,-0.049,0.436,0.918,8.361,2.441,-18.311,0,0,0,
,-0.046,0.363,0.916,50.354,10.925,-19.165,0,0,0,
,-0.046,0.334,0.935,28.686,12.085,-21.241,0,0,0,
,-0.039,0.33,0.929,-11.292,9.765,-20.569,0,0,0,
,-0.042,0.343,0.925,-48.89,7.019,-22.583,0,0,0,
,-0.043,0.381,0.918,-58.289,3.784,-14.039,0,0,0,
,-0.048,0.405,0.906,-26.978,4.333,-23.255,0,0,0,
,-0.049,0.405,0.916,9.338,7.202,-18.006,0,0,0,
,-0.049,0.39,0.915,39.917,7.263,-28.26,0,0,0,
,-0.048,0.368,0.921,41.748,13.366,-22.339,0,0,0,
,-0.042,0.34,0.927,22.888,12.146,-26.734,0,0,0,
,-0.042,0.347,0.93,1.586,8.056,-24.048,0,0,0,
,-0.043,0.367,0.917,-13.001,6.103,-21.912,0,0,0,
,-0.049,0.388,0.917,-4.151,8.544,-21.058,0,0,0,
,-0.045,0.387,0.912,8.361,9.582,-21.546,0,0,0,
,-0.044,0.376,0.913,20.324,9.094,-22.644,0,0,0,
,-0.048,0.361,0.925,22.644,9.765,-21.912,0,0,0,
,-0.04,0.363,0.918,15.564,8.3,-23.194,0,0,0,
,-0.045,0.37,0.92,12.817,7.751,-19.593,0,0,0,
,-0.046,0.375,0.914,10.986,9.948,-19.41,0,0,0,
,-0.05,0.376,0.922,19.775,10.009,-22.767,0,0,0,
,-0.047,0.37,0.919,21.789,9.46,-19.837,0,0,0,
,-0.045,0.365,0.924,22.338,8.239,-26.673,0,0,0,
,-0.044,0.367,0.918,21.423,8.239,-19.654,0,0,0,
,-0.044,0.368,0.917,18.31,7.446,-22.95,0,0,0,
,-0.043,0.367,0.922,18.859,9.033,-19.898,0,0,0,
,-0.043,0.352,0.923,14.282,8.117,-24.353,0,0,0,
,-0.046,0.354,0.921,-4.944,9.033,-22.156,0,0,0,
,-0.04,0.376,0.92,3.234,4.943,-20.813,0,0,0,
,-0.046,0.372,0.919,6.836,3.723,-22.095,0,0,0,
,-0.047,0.382,0.918,17.578,6.836,-18.128,0,0,0,
,-0.047,0.351,0.925,18.676,7.324,-26.001,0,0,0,
,-0.044,0.363,0.923,10.925,9.155,-19.532,0,0,0,
,-0.043,0.358,0.923,3.418,5.371,-24.17,0,0,0,
,-0.044,0.372,0.921,11.962,6.347,-19.715,0,0,0,
,-0.044,0.375,0.921,24.536,7.751,-17.945,0,0,0,
,-0.049,0.362,0.921,26.306,10.803,-22.644,0,0,0,
,-0.044,0.355,0.926,24.78,12.207,-21.485,0,0,0,
,-0.044,0.345,0.925,17.639,9.704,-22.767,0,0,0,
,-0.043,0.362,0.922,2.197,5.31,-22.4,0,0,0,
,-0.047,0.362,0.925,0.793,7.019,-21.851,0,0,0,
,-0.044,0.362,0.921,0.488,9.277,-20.508,0,0,0,
,-0.042,0.361,0.924,-1.221,9.338,-19.471,0,0,0,
,-0.041,0.361,0.925,0.976,6.774,-18.372,0,0,0,
,-0.045,0.368,0.92,8.3,5.371,-21.18,0,0,0,
,-0.047,0.369,0.921,18.127,8.789,-19.593,0,0,0,
,-0.046,0.354,0.918,19.287,9.948,-23.865,0,0,0,
,-0.039,0.359,0.923,14.16,10.009,-19.043,0,0,0,
,-0.045,0.351,0.926,6.225,10.009,-22.583,0,0,0,
,-0.042,0.358,0.926,-1.16,7.019,-20.081,0,0,0,
,-0.045,0.355,0.923,-10.498,8.361,-20.203,0,0,0,
,-0.048,0.371,0.925,0.549,7.202,-21.241,0,0,0,
,-0.046,0.371,0.917,4.638,8.178,-18.311,0,0,0,
,-0.042,0.364,0.926,7.69,9.704,-20.935,0,0,0,
,-0.043,0.353,0.923,6.591,9.216,-18.799,0,0,0,
,-0.046,0.356,0.926,2.99,8.056,-19.288,0,0,0,
,-0.047,0.364,0.924,2.014,6.713,-16.846,0,0,0,
,-0.045,0.364,0.925,2.99,7.812,-18.189,0,0,0,
,-0.048,0.353,0.923,3.295,8.239,-20.63,0,0,0,
,-0.044,0.369,0.926,7.751,6.774,-19.715,0,0,0,
,-0.049,0.366,0.921,12.329,7.751,-22.339,0,0,0,
,-0.047,0.366,0.921,19.104,7.202,-21.058,0,0,0,
,-0.047,0.358,0.922,20.813,9.399,-22.278,0,0,0,
,-0.04,0.349,0.927,11.108,7.69,-21.79,0,0,0,
,-0.045,0.348,0.934,-1.16,7.629,-22.156,0,0,0,
,-0.042,0.361,0.927,-5.494,8.667,-20.081,0,0,0,
,-0.045,0.37,0.918,-0.428,7.812,-21.607,0,0,0,
,-0.046,0.373,0.923,10.498,8.239,-21.546,0,0,0,
,-0.043,0.362,0.921,13.488,11.779,-19.959,0,0,0,
,-0.043,0.35,0.932,7.751,8.606,-23.255,0,0,0,
,-0.046,0.356,0.929,4.516,6.836,-20.569,0,0,0,
,-0.046,0.361,0.922,2.441,6.286,-20.569,0,0,0,
,-0.046,0.365,0.927,11.108,6.713,-19.165,0,0,0,
,-0.048,0.357,0.92,16.174,8.606,-26.123,0,0,0,
,-0.043,0.355,0.927,10.681,10.62,-20.081,0,0,0,
,-0.043,0.352,0.927,4.699,8.422,-22.889,0,0,0,
,-0.046,0.354,0.924,-3.846,7.69,-21.363,0,0,0,
,-0.044,0.369,0.922,2.502,6.347,-17.64,0,0,0,
,-0.047,0.366,0.929,11.535,5.859,-21.119,0,0,0,
,-0.046,0.374,0.924,25.39,8.972,-20.569,0,0,0,
,-0.043,0.365,0.922,32.47,6.408,-21.363,0,0,0,
,-0.045,0.354,0.925,28.076,7.568,-18.616,0,0,0,
,-0.046,0.34,0.928,16.54,9.277,-17.334,0,0,0,
,-0.048,0.342,0.928,-0.367,9.46,-16.541,0,0,0,
,-0.045,0.356,0.922,-4.883,7.019,-16.541,0,0,0,
,-0.052,0.364,0.922,-1.404,9.155,-18.86,0,0,0,
,-0.044,0.372,0.92,11.901,12.146,-20.691,0,0,0,
,-0.044,0.358,0.928,17.761,11.108,-22.156,0,0,0,
,-0.044,0.353,0.93,16.906,9.704,-23.377,0,0,0,
,-0.047,0.351,0.925,15.014,10.192,-22.339,0,0,0,
,-0.042,0.354,0.927,11.962,5.493,-22.644,0,0,0,
,-0.043,0.356,0.922,12.146,6.286,-20.264,0,0,0,
,-0.046,0.354,0.925,8.3,8.667,-21.241,0,0,0,
,-0.047,0.343,0.929,3.54,9.094,-21.851,0,0,0,
,-0.044,0.345,0.924,-3.113,10.315,-23.255,0,0,0,
,-0.041,0.366,0.929,2.502,7.08,-21.363,0,0,0,
,-0.05,0.374,0.917,17.883,7.69,-23.377,0,0,0,
,-0.049,0.361,0.926,22.827,8.85,-20.386,0,0,0,
,-0.044,0.339,0.928,19.531,9.094,-23.865,0,0,0,
,-0.044,0.333,0.965,-3.846,9.765,-22.4,0,0,0,
,-0.043,0.35,0.928,-12.574,6.591,-23.316,0,0,0,
,-0.043,0.363,0.926,-8.545,7.019,-19.471,0,0,0,
,-0.043,0.372,0.922,5.188,6.408,-21.18,0,0,0,
,-0.046,0.362,0.926,13.794,7.385,-21.607,0,0,0,
,-0.048,0.351,0.931,16.052,7.507,-22.4,0,0,0,
,-0.048,0.345,0.927,9.765,8.728,-23.438,0,0,0,
,-0.047,0.356,0.925,5.249,9.338,-23.377,0,0,0,
,-0.043,0.365,0.922,18.127,6.408,-22.034,0,0,0,
,-0.05,0.361,0.924,23.925,6.958,-23.743,0,0,0,
,-0.045,0.347,0.927,20.019,7.934,-24.292,0,0,0,
,-0.047,0.338,0.93,10.62,9.399,-26.307,0,0,0,
,-0.041,0.346,0.93,-2.686,8.239,-23.621,0,0,0,
,-0.044,0.354,0.929,-6.226,5.92,-21.546,0,0,0,
,-0.048,0.364,0.929,4.15,6.164,-19.776,0,0,0,
,-0.046,0.356,0.925,11.291,7.324,-23.499,0,0,0,
,-0.05,0.344,0.93,6.774,9.155,-22.339,0,0,0,
,-0.047,0.337,0.929,-3.418,7.141,-28.199,0,0,0,
,-0.045,0.358,0.925,-8.912,4.943,-25.391,0,0,0,
,-0.043,0.364,0.92,-5.799,6.958,-29.053,0,0,0,
,-0.043,0.347,0.923,-7.813,2.929,-37.293,0,0,0,
,-0.036,0.346,0.928,-17.701,2.319,-39.917,0,0,0,
,-0.046,0.366,0.919,-12.696,-2.015,-44.739,0,0,0,
,-0.061,0.384,0.921,3.784,-1.282,-42.725,0,0,0,
,-0.05,0.391,0.918,32.409,3.906,-37.781,0,0,0,
,-0.051,0.369,0.929,50.659,10.437,-36.683,0,0,0,
,-0.043,0.333,0.927,38.33,15.258,-31.373,0,0,0,
,-0.038,0.307,0.942,1.281,9.399,-33.753,0,0,0,
,-0.037,0.332,0.93,-35.706,5.249,-28.87,0,0,0,
,-0.047,0.37,0.93,-16.907,0.732,-26.978,0,0,0,
,-0.049,0.398,0.916,5.31,4.15,-22.767,0,0,0,
,-0.048,0.379,0.913,39.611,9.277,-21.058,0,0,0,
,-0.048,0.345,0.931,49.926,10.742,-17.945,0,0,0,
,-0.044,0.315,0.929,20.568,12.39,-20.813,0,0,0,
,-0.045,0.326,0.935,-20.813,10.559,-24.048,0,0,0,
,-0.04,0.353,0.918,-39.246,9.277,-22.583,0,0,0,
,-0.045,0.374,0.931,-29.419,5.188,-24.048,0,0,0,
,-0.05,0.396,0.915,10.131,9.521,-23.804,0,0,0,
,-0.047,0.373,0.917,38.574,9.521,-25.635,0,0,0,
,-0.039,0.347,0.926,40.405,10.864,-22.644,0,0,0,
,-0.041,0.313,0.931,9.582,8.178,-27.222,0,0,0,
,-0.039,0.318,0.934,-34.119,3.784,-33.204,0,0,0,
,-0.043,0.359,0.922,-44.251,-0.916,-30.701,0,0,0,
,-0.05,0.395,0.92,-17.64,-2.198,-36.927,0,0,0,
,-0.051,0.395,0.914,14.221,5.127,-30.457,0,0,0,
,-0.038,0.321,0.937,-0.123,8.239,-25.818,0,0,0,
,-0.039,0.349,0.927,-20.691,4.394,-26.917,0,0,0,
,-0.048,0.369,0.921,-21.119,1.892,-26.673,0,0,0,
,-0.05,0.369,0.927,-12.635,5.737,-26.673,0,0,0,
,-0.045,0.378,0.921,10.803,5.554,-22.339,0,0,0,
,-0.042,0.357,0.916,32.104,7.751,-22.217,0,0,0,
,-0.046,0.341,0.931,17.578,6.53,-27.283,0,0,0,
,-0.045,0.339,0.928,-4.883,8.178,-25.086,0,0,0,
,-0.042,0.351,0.926,-15.259,8.361,-26.49,0,0,0,
,-0.043,0.379,0.931,0.549,6.469,-22.4,0,0,0,
,-0.046,0.377,0.918,25.573,6.408,-23.072,0,0,0,
,-0.045,0.362,0.924,39.123,8.422,-21.363,0,0,0,
,-0.046,0.341,0.928,32.348,6.225,-23.316,0,0,0,
,-0.046,0.339,0.932,9.948,7.873,-23.804,0,0,0,
,-0.04,0.337,0.929,-8.362,8.422,-27.405,0,0,0,
,-0.048,0.344,0.927,-24.781,3.601,-31.25,0,0,0,
,-0.044,0.362,0.921,-21.912,1.892,-40.039,0,0,0,
,-0.041,0.369,0.92,-9.339,-2.076,-52.063,0,0,0,
,-0.042,0.38,0.921,-1.221,-0.916,-42.969,0,0,0,
,-0.049,0.382,0.92,16.174,-1.16,-48.157,0,0,0,
,-0.049,0.367,0.924,28.686,5.065,-42.176,0,0,0,
,-0.044,0.353,0.929,31.189,5.859,-38.697,0,0,0,
,-0.043,0.326,0.932,18.066,2.99,-41.932,0,0,0,
,-0.046,0.315,0.922,-14.527,1.586,-41.993,0,0,0,
,-0.055,0.306,0.938,-58.411,-4.395,-54.627,0,0,0,
,-0.044,0.364,0.926,-76.477,-4.517,-46.021,0,0,0,
,-0.041,0.393,0.911,-56.58,-6.226,-48.096,0,0,0,
,-0.037,0.411,0.91,-24.414,2.868,-32.471,0,0,0,
,-0.036,0.393,0.901,3.418,10.315,-29.847,0,0,0,
,-0.048,0.354,0.897,5.92,20.141,-27.222,0,0,0,
,-0.07,0.285,0.93,-41.565,24.719,-40.65,0,0,0,
,-0.111,0.434,1.026,-33.631,75.134,-4.456,0,0,0,
,-0.117,0.566,1.076,109.436,155.944,59.387,0,0,0,
,-0.217,0.776,1.007,711.547,343.628,159.179,0,0,0,
,0.064,0.771,1.328,1757.324,406.311,210.083,0,0,0,
,-0.003,0.518,1.781,1999.694,865.417,335.815,0,0,0,
,0.499,-1.1,2.279,1148.681,454.528,-56.397,0,0,0,
,0.917,0.226,2.609,-52.857,-177.796,198.73,0,0,0,
,0.265,0.481,2.135,-105.774,-548.829,323.364,0,0,0,
,0.189,-0.004,1.819,-328.736,-787.903,274.841,0,0,0,
,0.674,0.846,2.032,-290.833,-1231.141,509.277,0,0,0,
,0.611,1.135,2.48,498.23,-1837.952,667.846,0,0,0,
,0.327,0.746,2.597,1263.733,-2000,646.179,0,0,0,
,0.498,0.252,2.179,1266.174,-2000,449.646,0,0,0,
,0.553,0.443,1.412,885.803,-2000,423.401,0,0,0,
,0.418,0.556,0.682,720.825,-2000,386.535,0,0,0,
,0.354,0.411,0.251,874.939,-2000,337.768,0,0,0,
,0.363,0.226,-0.134,1105.957,-2000,262.878,0,0,0,
,0.362,0.14,-0.245,1169.86,-2000,218.505,0,0,0,
,0.404,0.062,-0.27,1128.906,-2000,149.902,0,0,0,
,0.426,0.07,-0.491,1091.369,-2000,135.315,0,0,0,
,0.32,0.043,-1.038,899.597,-2000,66.101,0,0,0,
,0.136,-0.179,-1.761,550.232,-2000,-7.019,0,0,0,
,-0.179,-0.558,-2.289,122.375,-1780.762,-36.805,0,0,0,
,-0.44,-0.722,-2.219,-203.553,-846.192,-153.687,0,0,0,
,-0.294,-0.642,-1.937,-520.508,125.488,-352.845,0,0,0,
,0.007,-0.482,-1.759,-773.072,943.908,-572.937,0,0,0,
,-0.003,-0.533,-1.778,-1172.364,1672.546,-765.809,0,0,0,
,0.057,-0.428,-1.675,-1521.241,1999.694,-1006.958,0,0,0,
,0.388,-0.167,-1.621,-1550.171,1999.694,-1128.113,0,0,0,
,0.735,0.152,-1.297,-1156.25,1999.694,-1208.436,0,0,0,
,0.919,0.424,-0.582,-702.088,1999.694,-1165.711,0,0,0,
,1.046,0.618,0.306,-752.869,1999.694,-1138.062,0,0,0,
,0.723,-0.159,0.8,-1487.122,1999.694,-1240.113,0,0,0,
,0.908,0.667,0.926,-1838.196,1999.694,-1124.329,0,0,0,
,1.183,2.348,1.792,-117.31,1999.694,-932.435,0,0,0,
,0.488,1.825,2.883,1925.781,1999.694,-834.534,0,0,0,
,0.246,-0.256,3.036,1744.079,1766.174,-749.329,0,0,0,
,-0.122,-0.478,2.729,-249.817,1006.958,-603.333,0,0,0,
,-0.268,0.445,2.183,-1457.154,635.009,-654.236,0,0,0,
,-0.005,0.888,1.625,-1086.121,444.702,-586.304,0,0,0,
,-0.126,0.752,1.356,35.461,437.133,-516.419,0,0,0,
,-0.129,0.385,1.343,503.723,500.793,-397.034,0,0,0,
,0.037,0.245,1.351,169.006,518.737,-309.876,0,0,0,
,0.1,0.109,1.342,-405.396,507.202,-243.042,0,0,0,
,0.157,0.328,1.189,-804.932,414.428,-149.292,0,0,0,
,-0.072,0.288,1.041,398.925,266.723,-64.576,0,0,0,
,0.004,0.27,1.232,519.836,145.08,-17.64,0,0,0,
,0.074,0.127,1.133,436.096,100.708,-69.764,0,0,0,
,0.074,0.109,1.116,98.877,39.428,-95.643,0,0,0,
,0.229,0.579,1.449,-149.598,-107.117,-115.357,0,0,0,
,0.074,0.401,0.814,-50.477,-135.56,-37.232,0,0,0,
,0.088,0.114,0.827,-196.961,-139.71,-133.667,0,0,0,
,0.143,0.203,0.89,-468.201,-152.832,-63.233,0,0,0,
,0.093,0.377,0.991,-497.986,-286.011,10.864,0,0,0,
,-0.082,0.517,0.938,-404.541,-224.305,-67.444,0,0,0,
,-0.026,0.546,0.938,-249.146,-208.252,-67.444,0,0,0,
,-0.087,-0.007,1.008,326.416,-106.385,-87.037,0,0,0,
,-0.002,0.084,1.024,397.827,31.86,-25.879,0,0,0,
,0.025,-0.041,1.054,73.486,0.793,-94.666,0,0,0,
,0.006,0.098,1.005,-170.166,55.053,-37.232,0,0,0,
,0.056,0.385,0.936,-250.123,34.362,-24.842,0,0,0,
,0.017,0.427,0.898,-132.63,3.356,-22.889,0,0,0,
,0.01,0.392,0.911,-72.327,-6.958,-27.527,0,0,0,
,-0.002,0.382,0.934,-42.786,-12.207,-38.331,0,0,0,
,-0.014,0.376,0.935,-23.926,-9.888,-46.265,0,0,0,
,-0.003,0.39,0.949,12.451,3.662,-51.087,0,0,0,
,-0.049,0.274,0.924,-138.855,59.143,-192.627,0,0,0,
,-0.001,0.226,0.979,142.944,27.648,-41.993,0,0,0,
,-0.002,0.267,1.057,112.487,42.907,46.203,0,0,0,
,0.014,0.364,1.149,174.56,32.898,112.732,0,0,0,
,0.128,0.408,0.998,389.404,-49.866,255.798,0,0,0,
,-0.013,0.663,0.967,888.488,31.616,411.377,0,0,0,
,-0.207,0.552,1.126,626.648,93.383,406.738,0,0,0,
,0.125,0.364,1.204,-200.623,-47.669,136.718,0,0,0,
,0.152,0.738,1.205,-387.513,-159.485,300.903,0,0,0,
,-0.068,0.55,1.164,-226.563,-157.593,192.26,0,0,0,
,-0.116,0.374,1.067,-223.938,-164.978,158.874,0,0,0,
,-0.102,0.367,0.925,-300.171,-171.753,129.272,0,0,0,
,-0.113,0.37,0.843,-346.802,-147.034,145.874,0,0,0,
,-0.107,0.318,0.754,-354.371,-65.064,130.615,0,0,0,
,-0.057,0.379,0.717,-323.853,-37.415,163.696,0,0,0,
,-0.082,0.395,0.685,-133.423,7.324,179.809,0,0,0,
,-0.124,0.317,0.694,79.04,81.97,150.634,0,0,0,
,-0.112,0.277,0.769,287.78,103.698,105.896,0,0,0,
,-0.115,0.188,0.814,466.552,124.694,74.951,0,0,0,
,-0.072,0.112,0.835,540.588,129.333,53.588,0,0,0,
,-0.014,0.145,0.905,498.23,78.735,38.574,0,0,0,
,0.036,0.089,0.901,423.767,69.702,4.089,0,0,0,
,-0.008,0.039,0.955,150.207,-2.93,-87.83,0,0,0,
,-0.045,0.13,0.922,-106.263,3.845,-94.3,0,0,0,
,-0.004,0.26,0.871,-109.131,25.268,-101.99,0,0,0,
,-0.042,0.284,0.845,-15.137,55.969,-89.783,0,0,0,
,-0.074,0.281,0.86,47.607,116.272,-80.018,0,0,0,
,0.023,0.276,0.892,130.981,128.479,-34.302,0,0,0,
,0.014,0.272,0.928,330.078,111.816,-21.424,0,0,0,
,-0.061,0.11,0.978,426.269,121.948,-14.954,0,0,0,
,-0.057,0.119,0.955,399.78,155.517,9.155,0,0,0,
,-0.058,0.132,0.951,426.818,212.402,33.02,0,0,0,
,-0.076,0.007,0.957,432.8,301.513,18.798,0,0,0,
,0.017,0.013,0.984,360.901,280.517,-17.518,0,0,0,
,0.062,0.143,1.14,394.47,221.984,-55.359,0,0,0,
,0.104,0.162,1.181,314.697,193.054,-96.619,0,0,0,
,0.134,0.106,1.22,235.229,108.703,-131.653,0,0,0,
,0.098,-0.006,1.161,-61.829,77.697,-117.493,0,0,0,
,0.098,-0.044,1.102,-274.659,22.583,-145.752,0,0,0,
,0.102,-0.002,1.049,-413.269,-4.822,-134.461,0,0,0,
,0.082,0.084,0.983,-513.245,-30.64,-152.039,0,0,0,
,0.039,0.134,0.935,-579.895,-26.246,-171.631,0,0,0,
,0.037,0.142,0.928,-671.448,-11.353,-203.431,0,0,0,
,0.059,0.167,0.985,-763.916,0.305,-225.769,0,0,0,
,0.095,0.015,1.011,-935.608,4.943,-260.743,0,0,0,
,0.165,0.026,1.091,-1344.727,-52.979,-196.9,0,0,0,
,0.144,0.288,0.978,-1881.226,-106.751,-102.784,0,0,0,
,0.116,0.475,0.783,-2000,-79.895,-46.326,0,0,0,
,0.067,0.604,0.451,-2000,2.441,-70.801,0,0,0,
,0.025,0.736,0.451,-2000,4.699,28.137,0,0,0,
,-0.007,1.287,0.428,-2000,80.261,46.814,0,0,0,
,-0.005,1.578,0.447,-1671.265,62.744,-8.484,0,0,0,
,-0.058,1.511,0.64,-214.173,3.356,82.824,0,0,0,
,-0.111,0.952,0.593,505.432,-0.611,166.076,0,0,0,
,-0.213,0.583,0.466,95.031,120.117,190.246,0,0,0,
,-0.23,0.386,0.482,-796.509,272.888,155.273,0,0,0,
,-0.214,0.714,0.478,-1264.527,374.084,154.968,0,0,0,
,-0.131,1.06,0.451,-978.821,380.676,186.523,0,0,0,
,-0.077,1.175,0.397,-380.249,334.777,220.214,0,0,0,
,-0.051,1.098,0.286,87.402,320.617,217.529,0,0,0,
,-0.038,1.039,0.17,388.122,348.938,208.252,0,0,0,
,-0.002,1.063,0.213,699.279,367.004,219.36,0,0,0,
,0.029,1.039,0.33,1068.054,356.384,251.342,0,0,0,
,0.062,0.887,0.406,1340.21,351.806,304.016,0,0,0,
,0.051,0.835,0.484,1619.812,319.702,320.373,0,0,0,
,0.11,0.778,0.467,1937.5,320.007,340.149,0,0,0,
,0.126,0.679,0.423,1999.694,304.504,353.637,0,0,0,
,0.124,0.414,0.498,1999.694,254.699,354.187,0,0,0,
,0.09,0.282,0.619,1999.694,202.758,399.109,0,0,0,
,0.007,0.316,0.668,1862.243,144.653,382.446,0,0,0,
,-0.025,0.097,0.752,1734.253,125.793,302.246,0,0,0,
,-0.043,-0.175,0.904,1223.51,81.909,232.788,0,0,0,
,-0.084,-0.01,0.983,718.017,48.584,204.284,0,0,0,
,-0.044,0.201,0.979,520.324,37.963,161.438,0,0,0,
,0.006,0.191,0.979,595.764,-7.081,87.402,0,0,0,
,0.041,0.029,1.039,632.995,-42.603,56.457,0,0,0,
,0.019,-0.016,1.041,530.517,-70.862,37.78,0,0,0,
,-0.025,0.051,1.083,324.524,-83.863,45.227,0,0,0,
,0.024,0.058,1.126,209.961,-57.007,21.24,0,0,0,
,0.034,0.047,1.118,125.793,-57.984,24.536,0,0,0,
,0.04,-0.031,1.105,16.662,-21.485,61.584,0,0,0,
,-0.068,0.255,1.19,187.805,-68.055,49.316,0,0,0,
,-0.079,0.012,1.186,339.05,-56.031,7.69,0,0,0,
,-0.1,-0.001,1.058,228.576,-56.153,16.967,0,0,0,
,-0.162,0.106,1.056,92.346,-42.115,12.817,0,0,0,
,-0.131,0.009,1.056,146.911,14.038,15.625,0,0,0,
,-0.142,-0.054,0.913,89.782,40.466,36.01,0,0,0,
,-0.145,0.077,0.911,78.186,60.424,11.962,0,0,0,
,-0.052,-0.026,0.884,146.423,127.258,13.916,0,0,0,
,0.019,0.101,1.031,137.329,76.477,52.124,0,0,0,
,-0.007,0.124,1.125,203.064,57.128,20.874,0,0,0,
,-0.013,0.046,1.068,132.08,42.968,8.911,0,0,0,
,-0.035,0.127,1.003,26.672,44.25,8.483,0,0,0,
,-0.054,0.22,0.966,67.688,60.363,5.676,0,0,0,
,-0.076,0.363,0.89,330.2,42.785,52.002,0,0,0,
,-0.085,0.266,0.885,699.646,83.496,70.251,0,0,0,
,-0.086,-0.074,0.872,732.483,147.338,123.108,0,0,0,
,-0.091,-0.138,0.968,423.278,173.889,171.753,0,0,0,
,-0.086,-0.128,1.038,183.166,198.12,151.184,0,0,0,
,-0.059,-0.222,1.035,41.565,196.228,124.206,0,0,0,
,-0.029,-0.24,0.997,-56.519,166.626,79.162,0,0,0,
,0.012,-0.226,1.089,-84.473,129.272,17.089,0,0,0,
,0.048,-0.25,1.062,-125.245,101.989,-55.726,0,0,0,
,0.098,-0.234,1.016,-271.058,57.067,-98.633,0,0,0,
,0.086,-0.047,1.059,-404.664,15.747,-123.536,0,0,0,
,0.074,0.027,1.005,-425.049,-10.804,-137.024,0,0,0,
,-0.041,0.119,0.912,-375.306,-12.33,-123.414,0,0,0,
,-0.169,0.179,0.823,-238.221,45.532,-105.469,0,0,0,
,-0.192,0.103,0.776,-113.343,124.328,-86.67,0,0,0,
,-0.196,-0.028,0.817,-110.474,188.354,-84.046,0,0,0,
,-0.175,-0.037,0.879,-176.331,261.047,-125.245,0,0,0,
,-0.014,0.091,0.911,-48.951,291.198,-147.767,0,0,0,
,0.101,0.138,1.021,185.058,277.038,-145.508,0,0,0,
,0.164,0.123,1.124,274.963,261.596,-143.25,0,0,0,
,0.214,0.094,1.078,50.537,210.632,-142.334,0,0,0,
,0.208,0.107,1.118,-110.474,149.597,-128.724,0,0,0,
,0.16,0.088,1.009,-94.483,114.807,-129.395,0,0,0,
,0.082,-0.036,1.031,251.098,121.276,-141.724,0,0,0,
,0.103,-0.186,0.987,115.661,115.661,-174.744,0,0,0,
,0.136,-0.277,0.975,-102.601,135.192,-219.483,0,0,0,
,0.259,-0.148,0.982,-310.12,159.607,-245.85,0,0,0,
,0.395,0.162,1.044,-255.494,151.245,-218.201,0,0,0,
,0.271,-0.084,1.13,-233.46,84.961,-174.744,0,0,0,
,0.304,0.067,1.065,-448.182,39.733,-173.951,0,0,0,
,0.339,0.263,0.932,-436.524,49.133,-159.18,0,0,0,
,0.392,0.483,0.916,-243.653,71.655,-54.383,0,0,0,
,0.345,0.608,0.911,168.945,96.252,62.866,0,0,0,
,0.306,0.284,1.026,403.991,102.905,124.45,0,0,0,
,0.345,0.009,1.05,241.027,64.941,169.25,0,0,0,
,0.337,-0.021,1.046,76.782,7.385,181.64,0,0,0,
,0.34,-0.06,0.944,4.76,-26.001,163.818,0,0,0,
,0.2,-0.062,0.819,-31.983,-30.396,144.226,0,0,0,
,0.056,-0.057,0.758,60.363,9.765,117.248,0,0,0,
,-0.047,-0.078,0.845,99.975,50.72,70.617,0,0,0,
,-0.084,-0.014,0.928,60.852,44.921,36.621,0,0,0,
,-0.185,0.006,0.975,42.419,16.54,-12.757,0,0,0,
,-0.269,-0.014,0.931,-54.81,-1.099,-42.359,0,0,0,
,-0.26,0.068,0.935,-177.491,15.625,-44.678,0,0,0,
,-0.225,0.117,0.914,-181.336,34.668,-38.758,0,0,0,
,-0.114,0.215,0.989,-130.677,36.682,-4.334,0,0,0,
,0.001,0.217,1.018,9.094,20.629,3.418,0,0,0,
,0.007,0.11,1.013,156.677,-0.855,-10.254,0,0,0,
,0.041,-0.087,0.972,209.289,-17.151,-54.017,0,0,0,
,0.034,-0.209,0.937,124.023,-2.625,-127.32,0,0,0,
,0.029,-0.331,0.873,16.662,35.034,-209.778,0,0,0,
,0.123,-0.186,0.875,-52.063,67.871,-260.56,0,0,0,
,0.281,0.211,1.112,150.207,40.161,-233.033,0,0,0,
,0.47,0.293,1.326,-59.876,-18.372,-140.503,0,0,0,
,0.552,0.41,1.162,-178.04,-48.401,-79.59,0,0,0,
,0.655,0.256,1.035,-224.671,-63.294,-34.913,0,0,0,
,0.524,0.12,1.003,-198.487,-75.806,-27.283,0,0,0,
,0.427,0.115,0.914,-225.098,-67.261,20.202,0,0,0,
,0.389,0.251,0.876,-111.268,-49.195,88.501,0,0,0,
,0.445,0.192,0.95,112.732,-33.814,121.643,0,0,0,
,0.341,0.103,0.991,210.083,-42.908,147.155,0,0,0,
,0.325,-0.002,1.001,38.086,-52.796,169.25,0,0,0,
,0.216,-0.005,0.989,-117.859,-61.829,145.446,0,0,0,
,0.156,0.045,0.981,-98.389,-61.524,122.68,0,0,0,
,0.07,0.067,0.923,88.989,-62.256,116.088,0,0,0,
,-0.127,-0.01,0.956,249.084,-46.387,83.19,0,0,0,
,-0.299,-0.14,0.971,275.146,-0.184,37.475,0,0,0,
,-0.23,-0.212,1.067,31.616,16.357,18.432,0,0,0,
,-0.201,0.014,1.117,-171.143,-35.401,-2.076,0,0,0,
,-0.303,0.046,0.989,-71.595,-51.209,-20.142,0,0,0,
,-0.335,0.09,0.916,48.584,-22.461,-22.522,0,0,0,
,-0.171,0.172,0.885,122.07,-14.283,-11.719,0,0,0,
,-0.101,0.13,0.882,308.838,32.775,-35.096,0,0,0,
,-0.08,-0.042,0.854,359.985,64.697,-43.885,0,0,0,
,0.042,-0.081,0.86,198.242,81.359,-75.806,0,0,0,
,0.173,0.041,0.87,96.008,81.42,-109.925,0,0,0,
,0.254,0.005,0.867,203.491,101.867,-135.01,0,0,0,
,0.325,0.036,0.985,242.004,98.388,-115.906,0,0,0,
,0.486,0.208,1.176,223.938,67.26,-94.666,0,0,0,
,0.687,0.28,1.312,163.025,29.663,-39.673,0,0,0,
,0.773,0.221,1.369,-46.936,-64.331,29.785,0,0,0,
,0.596,0.113,1.21,-122.803,-112.366,95.092,0,0,0,
,0.544,0.014,1.062,-203.675,-108.216,151.611,0,0,0,
,0.503,0.084,0.937,-178.956,-111.695,193.542,0,0,0,
,0.351,0.105,0.935,97.534,-105.896,193.115,0,0,0,
,0.209,-0.072,0.928,289.55,-91.858,171.753,0,0,0,
,0.027,-0.129,0.927,322.754,-84.473,143.066,0,0,0,
,-0.231,-0.172,0.819,313.964,-54.2,83.435,0,0,0,
,-0.373,-0.277,0.869,242.675,11.23,13.977,0,0,0,
,-0.261,-0.411,0.652,13.671,37.719,-41.871,0,0,0,
,-0.342,-0.249,0.8,-184.021,-24.414,-77.088,0,0,0,
,-0.253,-0.179,0.812,-277.344,55.114,-181.946,0,0,0,
,-0.115,-0.107,0.891,-255.066,31.494,-207.093,0,0,0,
,-0.127,0.139,0.944,-68.665,-1.404,-215.577,0,0,0,
,-0.074,-0.021,1.003,163.696,-1.77,-232.178,0,0,0,
,-0.038,-0.13,1.054,29.968,5.798,-232.544,0,0,0,
,0.034,-0.095,1.008,-378.479,25.94,-221.497,0,0,0,
,0.11,-0.102,0.897,-644.41,75.866,-270.447,0,0,0,
,0.184,-0.012,0.883,-774.476,111.755,-270.997,0,0,0,
,0.401,0.432,1.113,-428.04,19.226,-259.339,0,0,0,
,0.537,0.528,1.272,114.99,-31.006,-138.855,0,0,0,
,0.427,0.28,1.301,184.57,-104.554,-69.275,0,0,0,
,0.368,0.208,1.171,100.586,-142.029,-5.249,0,0,0,
,0.294,0.046,1.094,66.833,-167.481,12.939,0,0,0,
,0.26,0.093,1.009,-78.98,-176.453,47.18,0,0,0,
,0.233,0.119,0.882,-261.17,-160.096,11.84,0,0,0,
,0.202,-0.054,0.842,-346.253,-121.399,-20.569,0,0,0,
,0.148,0.073,0.886,-410.157,-114.93,-1.038,0,0,0,
,0.107,0.191,0.899,-276.123,-92.53,-13.489,0,0,0,
,0.04,0.094,0.943,-71.473,-53.345,-21.729,0,0,0,
,-0.01,0.012,0.925,-27.832,-28.016,-8.789,0,0,0,
,-0.049,-0.033,0.844,-75.623,12.085,-7.325,0,0,0,
,-0.111,0.087,0.858,-142.212,24.536,6.408,0,0,0,
,-0.15,0.294,0.972,-133.789,12.573,-27.894,0,0,0,
,-0.143,0.155,1.083,-5.127,31.372,-82.337,0,0,0,
,-0.129,0.005,1.087,-160.889,10.925,-96.131,0,0,0,
,-0.139,0.151,1.088,-386.78,-29.114,-95.643,0,0,0,
,-0.128,0.188,1.04,-487.549,-31.128,-105.713,0,0,0,
,-0.113,0.26,1.079,-504.09,-58.96,-95.337,0,0,0,
,-0.089,0.371,1.07,-425.232,-70.679,-73.67,0,0,0,
,-0.039,0.351,1.028,-291.81,-79.346,-48.401,0,0,0,
,-0.044,0.314,0.98,-179.444,-83.374,-18.799,0,0,0,
,-0.034,0.347,0.953,-143.189,-97.84,11.535,0,0,0,
,-0.008,0.356,0.939,-55.787,-85.022,34.362,0,0,0,
,-0.012,0.285,0.966,-7.325,-82.886,34.057,0,0,0,
,-0.007,0.264,0.997,27.587,-80.018,38.33,0,0,0,
,0.006,0.251,0.961,57.861,-65.003,35.095,0,0,0,
,0.001,0.194,0.937,43.212,-35.767,31.799,0,0,0,
,0.015,0.219,0.911,-33.02,-18.372,26.123,0,0,0,
,0.033,0.274,0.937,-10.132,-2.381,25.451,0,0,0,
,0.045,0.285,0.967,71.106,4.76,27.343,0,0,0,
,0.06,0.359,0.997,156.189,5.676,39.917,0,0,0,
,0.088,0.328,0.989,252.807,13.916,36.071,0,0,0,
,0.092,0.279,0.957,257.263,29.663,64.697,0,0,0,
,0.096,0.291,0.921,176.452,54.565,72.448,0,0,0,
,0.12,0.254,0.917,131.775,78.735,87.646,0,0,0,
,0.131,0.273,0.924,110.046,86.12,98.449,0,0,0,
,0.125,0.302,0.955,160.4,80.749,98.938,0,0,0,
,0.133,0.27,0.986,257.629,77.087,87.707,0,0,0,
,0.135,0.183,0.991,303.466,71.716,78.186,0,0,0,
,0.119,0.11,0.966,221.74,73.181,59.021,0,0,0,
,0.104,0.036,0.918,69.763,85.571,34.606,0,0,0,
,0.133,0.083,0.925,-37.232,76.721,19.47,0,0,0,
,0.116,0.196,0.972,-34.18,60.058,18.554,0,0,0,
,0.113,0.251,0.998,128.906,49.438,22.644,0,0,0,
,0.097,0.134,1.005,201.233,38.513,8.361,0,0,0,
,0.067,0.119,1.009,128.662,29.113,8.422,0,0,0,
,0.062,0.175,1.008,77.697,23.803,1.464,0,0,0,
,0.05,0.208,0.997,88.195,21.972,-0.367,0,0,0,
,0.037,0.129,0.984,111.511,49.987,0.305,0,0,0,
,0.067,0.076,0.958,54.687,55.725,28.442,0,0,0,
,0.059,0.145,0.984,38.452,44.067,42.053,0,0,0,
,0.074,0.131,1.032,117.309,35.156,50.964,0,0,0,
,0.057,0.059,1.03,138.61,35.217,41.748,0,0,0,
,0.065,0.089,1.011,96.923,24.108,31.555,0,0,0,
,0.088,0.032,1.02,87.707,17.883,2.868,0,0,0,
,0.071,0.03,1.003,11.474,8.178,-13.184,0,0,0,
,0.068,0.088,0.967,-19.654,10.498,-23.011,0,0,0,
,0.069,0.079,0.979,-3.968,14.709,-35.279,0,0,0,
,0.072,0.096,0.974,-31.25,15.319,-31.8,0,0,0,
,0.068,0.098,0.971,-44.8,20.141,-36.622,0,0,0,
,0.072,0.133,0.978,-30.945,26.062,-37.049,0,0,0,
,0.076,0.181,0.982,11.413,17.578,-32.349,0,0,0,
,0.058,0.173,0.958,27.038,27.465,-24.292,0,0,0,
,0.073,0.164,0.958,45.959,35.766,-20.02,0,0,0,
,0.057,0.169,0.967,77.941,40.771,1.037,0,0,0,
,0.05,0.162,0.966,104.187,49.133,14.038,0,0,0,
,0.055,0.132,0.953,127.807,54.138,18.676,0,0,0,
,0.034,0.128,0.963,98.388,46.752,20.446,0,0,0,
,0.052,0.124,0.997,113.952,41.442,8.667,0,0,0,
,0.047,0.08,1.01,111.755,33.691,20.385,0,0,0,
,0.072,0.111,1.012,64.697,22.705,12.329,0,0,0,
,0.071,0.084,0.992,37.841,13.183,13.427,0,0,0,
,0.067,0.092,0.976,24.414,7.69,10.498,0,0,0,
,0.072,0.085,0.979,27.526,11.779,3.051,0,0,0,
,0.081,0.103,0.988,41.381,6.591,7.873,0,0,0,
,0.073,0.083,0.997,71.228,11.718,4.333,0,0,0,
,0.071,0.094,0.988,68.664,10.864,5.249,0,0,0,
,0.076,0.093,0.982,61.279,11.413,0,0,0,0,
,0.066,0.081,0.988,46.875,15.197,3.356,0,0,0,
,0.051,0.087,0.98,22.644,13.305,1.525,0,0,0,
,0.03,0.105,0.966,14.526,16.479,-3.418,0,0,0,
,-0.032,0.096,0.938,28.381,33.325,-5.433,0,0,0,
,-0.115,0.072,0.925,5.371,65.002,-15.015,0,0,0,
,-0.17,0.021,0.922,10.925,107.605,-35.645,0,0,0,
,-0.206,0.007,0.951,-4.7,136.596,-60.914,0,0,0,
,-0.216,-0.003,0.97,-26.185,160.583,-87.647,0,0,0,
,-0.216,0.029,1.008,-43.58,174.438,-103.943,0,0,0,
,-0.157,0.02,1.011,-37.415,172.241,-135.987,0,0,0,
,-0.037,0.027,0.976,-3.052,179.992,-160.34,0,0,0,
,0.092,-0.003,0.968,-70.618,164.856,-178.956,0,0,0,
,0.197,-0.015,0.933,-136.902,168.518,-214.539,0,0,0,
,0.326,0.05,0.925,-156.25,163.574,-220.276,0,0,0,
,0.512,0.209,1.021,-60.73,138.488,-198.304,0,0,0,
,0.816,0.32,0.996,27.648,104.797,-151.795,0,0,0,
,0.905,0.236,1.024,-82.825,58.044,-96.985,0,0,0,
,0.8,0.087,1.017,-418.213,25.817,-48.218,0,0,0,
,0.575,0.065,0.965,-560.669,15.564,14.404,0,0,0,
,0.474,0.112,0.935,-305.054,49.072,54.443,0,0,0,
,0.485,0.202,1.031,-3.54,68.054,82.946,0,0,0,
,0.458,0.19,1.042,88.44,54.565,115.661,0,0,0,
,0.261,0.225,1.032,37.292,48.034,138.305,0,0,0,
,0.143,0.235,1.038,-54.627,47.973,137.573,0,0,0,
,-0.053,0.221,1.003,-111.512,40.344,111.816,0,0,0,
,-0.372,0.291,1.134,-20.874,-5.127,103.515,0,0,0,
,-0.479,0.126,1.049,96.313,9.277,-8.912,0,0,0,
,-0.624,0.059,0.962,140.258,-7.081,-7.874,0,0,0,
,-0.626,0.067,0.906,149.719,23.437,-24.353,0,0,0,
,-0.459,0.107,0.862,164.367,70.434,-28.199,0,0,0,
,-0.194,0.103,0.889,191.833,92.712,-58.472,0,0,0,
,-0.075,-0.04,0.803,229.309,107.849,-72.876,0,0,0,
,0.09,-0.026,0.806,172.973,129.394,-120.057,0,0,0,
,0.408,0.071,0.869,165.71,122.253,-167.176,0,0,0,
,0.532,0.211,0.899,257.08,104.736,-145.203,0,0,0,
,0.494,0.248,0.973,313.72,69.274,-118.531,0,0,0,
,0.505,0.277,1.037,267.212,65.918,-72.022,0,0,0,
,0.587,0.321,1.104,133.117,61.828,-13.245,0,0,0,
,0.665,0.398,1.18,198.669,16.601,70.129,0,0,0,
,0.47,-0.015,1.204,375.732,7.385,118.713,0,0,0,
,0.388,-0.294,1.186,113.769,1.953,119.445,0,0,0,
,0.389,-0.104,1.177,-169.861,-16.236,111.145,0,0,0,
,0.438,-0.048,0.998,-210.694,-10.254,98.816,0,0,0,
,0.261,0.017,0.903,-173.401,-13.123,124.389,0,0,0,
,0.219,0.115,0.855,-31.006,4.577,112.854,0,0,0,
,0.126,0.102,0.883,96.496,20.568,113.769,0,0,0,
,0.023,0.113,0.914,95.153,29.785,122.131,0,0,0,
,-0.098,0.123,0.937,94.97,43.029,112.671,0,0,0,
,-0.279,0.036,0.866,113.769,29.541,77.88,0,0,0,
,-0.457,-0.047,0.839,111.145,38.574,3.906,0,0,0,
,-0.432,-0.06,0.883,115.539,71.167,-72.388,0,0,0,
,-0.162,-0.06,0.925,12.023,98.693,-125.672,0,0,0,
,-0.042,-0.027,0.874,55.603,108.642,-114.197,0,0,0,
,-0.005,-0.048,0.876,90.332,135.254,-111.695,0,0,0,
,0.219,0.019,0.839,177.063,118.896,-121.277,0,0,0,
,0.491,0.05,0.937,231.567,84.533,-156.128,0,0,0,
,0.581,0.128,1.012,205.017,37.78,-123.902,0,0,0,
,0.686,0.176,1.166,103.271,0.244,-93.14,0,0,0,
,0.854,0.251,1.165,-17.273,-51.941,-29.847,0,0,0,
,0.679,0.085,1.083,69.885,-79.163,50.17,0,0,0,
,0.607,-0.057,0.983,26.55,-60.425,99.914,0,0,0,
,0.547,0.02,1.031,-29.664,-72.571,140.197,0,0,0,
,0.424,0.061,1.053,109.741,-81.727,155.029,0,0,0,
,0.292,0.036,0.958,82.519,-80.628,120.727,0,0,0,
,0.192,-0.061,1.033,176.452,-80.201,119.445,0,0,0,
,0.096,-0.157,0.998,146.057,-62.439,89.965,0,0,0,
,0.006,-0.15,0.96,91.674,-91.126,83.007,0,0,0,
,-0.073,-0.086,0.991,95.398,-85.694,34.79,0,0,0,
,-0.022,-0.141,0.943,110.29,-93.079,-17.151,0,0,0,
,-0.015,-0.184,0.952,106.079,-73.731,-35.706,0,0,0,
,0.082,-0.18,0.972,74.89,-81.36,-51.27,0,0,0,
,0.185,-0.209,0.907,-19.654,-112.793,-82.764,0,0,0,
,0.244,-0.235,0.893,-101.807,-154.358,-90.149,0,0,0,
,0.273,-0.131,0.828,-296.448,-163.819,-129.395,0,0,0,
,0.27,0.076,0.827,-370.423,-186.036,-141.114,0,0,0,
,0.273,0.152,0.876,-238.282,-192.81,-174.5,0,0,0,
,0.223,0.108,0.97,-92.225,-195.008,-198.365,0,0,0,
,0.244,-0.1,0.957,-123.291,-178.345,-228.272,0,0,0,
,0.233,-0.104,0.978,-308.777,-206.177,-223.023,0,0,0,
,0.125,-0.01,0.9,-459.107,-183.289,-229.981,0,0,0,
,0.024,0.084,0.885,-633.545,-144.959,-235.23,0,0,0,
,0.01,0.269,0.876,-587.281,-107.239,-241.394,0,0,0,
,-0.001,0.27,0.914,-314.759,-61.524,-228.15,0,0,0,
,0.01,0.14,0.916,-145.264,-24.476,-207.642,0,0,0,
,0.04,0.067,0.911,-124.329,-0.794,-183.228,0,0,0,
,0.04,0.031,0.916,-211.365,22.766,-183.167,0,0,0,
,-0.07,0.567,0.805,-226.38,21.667,-160.706,0,0,0,
,-0.093,0.466,0.964,241.638,48.095,-186.402,0,0,0,
,-0.046,0.223,1.092,416.504,39.672,-168.213,0,0,0,
,-0.048,0.112,1.125,185.119,17.211,-137.513,0,0,0,
,-0.073,0.144,1.14,-178.956,-3.296,-97.168,0,0,0,
,-0.08,0.287,1.163,-400.452,-28.321,-57.801,0,0,0,
,-0.035,0.299,1.129,-347.352,-34.668,-52.369,0,0,0,
,-0.002,0.25,1.093,-238.404,-46.082,-33.387,0,0,0,
,-0.002,0.239,1.085,-180.787,-56.153,-11.109,0,0,0,
,0.009,0.275,1.023,-128.418,-50.721,-3.54,0,0,0,
,0.08,0.238,1.001,41.992,-51.514,-24.17,0,0,0,
,0.113,0.118,1.035,187.194,-39.551,-32.959,0,0,0,
,0.15,0.003,1.063,163.452,-35.584,-58.655,0,0,0,
,0.163,-0.037,1.046,77.27,-32.654,-70.679,0,0,0,
,0.127,-0.044,0.989,6.958,-29.908,-86.976,0,0,0,
,0.07,-0.036,0.944,-67.017,-15.809,-116.822,0,0,0,
,0.088,0.1,0.985,-78.431,-23.011,-146.119,0,0,0,
,0.095,0.19,1.021,63.781,-17.334,-183.045,0,0,0,
,0.122,0.218,1.063,177.612,-15.625,-206.299,0,0,0,
,0.11,0.168,1.051,120.788,-30.762,-197.266,0,0,0,
,0.094,0.207,1.04,72.692,-38.208,-165.772,0,0,0,
,0.105,0.344,1.032,62.011,-60.425,-115.479,0,0,0,
,0.027,0.422,0.945,54.077,-49.195,-64.148,0,0,0,
,-0.024,0.449,0.92,60.791,-44.373,-46.57,0,0,0,
,-0.03,0.353,0.921,120.483,-36.011,-38.147,0,0,0,
,-0.062,0.268,0.946,120.849,-33.997,-3.724,0,0,0,
,-0.041,0.228,0.965,49.072,-35.645,33.325,0,0,0,
,-0.065,0.233,0.951,-4.09,-26.001,68.969,0,0,0,
,-0.067,0.215,0.92,-20.752,0.793,91.43,0,0,0,
,-0.06,0.206,0.899,-24.537,29.419,111.267,0,0,0,
,-0.045,0.261,0.889,-24.537,33.813,124.023,0,0,0,
,-0.022,0.239,0.902,88.806,56.823,122.863,0,0,0,
,0.036,0.119,0.949,132.629,68.054,123.535,0,0,0,
,0.082,0.134,0.967,100.891,48.461,117.675,0,0,0,
,0.124,0.076,0.992,99.67,59.387,103.942,0,0,0,
,0.161,0.036,0.987,64.758,65.307,79.101,0,0,0,
,0.197,0.093,0.953,26.245,91.247,53.039,0,0,0,
,0.222,0.089,0.889,39.062,107.971,45.593,0,0,0,
,0.253,0.108,0.978,52.856,79.284,32.104,0,0,0,
,0.199,0.216,1.041,135.376,55.358,25.024,0,0,0,
,0.188,0.079,1.058,236.877,51.818,12.329,0,0,0,
,0.179,0.114,1.072,191.345,28.564,22.827,0,0,0,
,0.183,0.114,1.06,143.188,20.752,23.742,0,0,0,
,0.166,0.04,1.039,76.477,13.855,33.264,0,0,0,
,0.147,0.059,1.017,-29.664,4.577,50.109,0,0,0,
,0.133,0.047,0.974,-157.654,21.606,35.339,0,0,0,
,0.207,0.242,1.018,-103.577,-45.472,8.85,0,0,0,
,0.114,0.082,0.995,96.862,-58.411,-5.066,0,0,0,
,0.126,0.062,0.993,82.458,-92.347,19.775,0,0,0,
,0.08,0.212,1.013,57.19,-83.435,23.925,0,0,0,
,0.065,0.06,1.024,69.885,-49.927,20.324,0,0,0,
,0.072,0.051,1.014,-43.824,-30.884,33.264,0,0,0,
,0.037,0.123,0.965,-197.632,-1.221,54.321,0,0,0,
,0.007,0.241,0.759,-265.748,29.724,28.625,0,0,0,
,0.091,0.245,0.94,-101.807,9.338,2.441,0,0,0,
,0.109,0.221,0.987,110.534,-7.935,15.747,0,0,0,
,0.061,0.171,0.983,271.118,-10.621,34.24,0,0,0,
,0.043,0.088,0.971,247.253,2.319,53.405,0,0,0,
,0.048,0.078,0.973,162.597,15.564,53.1,0,0,0,
,0.049,0.103,0.944,73.059,23.437,53.344,0,0,0,
,0.073,0.09,0.98,104.309,27.099,46.569,0,0,0,
,0.098,0.037,1.009,113.403,19.47,51.574,0,0,0,
,0.091,0.085,0.979,105.468,10.986,41.565,0,0,0,
,0.1,0.08,1.004,195.495,1.159,40.161,0,0,0,
,0.084,0.009,0.986,206.054,1.281,35.522,0,0,0,
,0.067,0.031,0.974,133.545,-1.77,26.489,0,0,0,
,0.07,0.02,0.971,97.045,7.568,15.441,0,0,0,
,0.088,0.047,0.992,92.956,17.15,9.277,0,0,0,
,0.066,0.097,0.993,123.047,14.77,-0.061,0,0,0,
,0.073,0.071,1.009,157.47,5.432,7.324,0,0,0,
,0.078,0.021,1.019,129.394,-5.494,8.728,0,0,0,
,0.079,0.068,1.031,74.89,-13.611,18.371,0,0,0,
,0.077,0.064,1.012,29.48,-13.001,26.306,0,0,0,
,0.075,0.079,1,42.358,-13.123,34.423,0,0,0,
,0.051,-0.013,0.972,11.84,-8.057,27.893,0,0,0,
,0.018,0.006,0.934,-78.186,-4.029,19.226,0,0,0,
,-0.005,0.029,0.916,-68.97,12.268,7.934,0,0,0,
,-0.025,0.014,0.932,-8.606,33.02,3.234,0,0,0,
,-0.033,-0.01,0.951,31.005,46.752,-6.714,0,0,0,
,-0.09,-0.022,0.977,3.112,48.645,-28.199,0,0,0,
,-0.161,-0.09,1.002,-154.664,55.786,-72.205,0,0,0,
,-0.24,-0.063,0.977,-400.025,53.711,-122.681,0,0,0,
,-0.279,0.039,0.941,-543.213,60.119,-164.124,0,0,0,
,-0.24,0.112,0.922,-451.539,77.209,-178.345,0,0,0,
,-0.211,0.161,0.914,-239.869,109.558,-193.299,0,0,0,
,-0.107,0.136,0.876,13.183,127.99,-201.905,0,0,0,
,0.083,0.104,0.844,193.359,166.565,-197.754,0,0,0,
,0.347,0.116,0.927,223.51,219.482,-175.904,0,0,0,
,0.811,0.04,1.003,-42.908,234.619,-164.368,0,0,0,
,1.061,0.177,1.141,-406.8,155.517,-134.095,0,0,0,
,1.047,0.335,1.124,-433.228,55.236,-66.651,0,0,0,
,0.736,0.212,1.094,-148.499,10.009,14.953,0,0,0,
,0.464,-0.021,0.98,126.22,45.227,53.039,0,0,0,
,0.418,-0.051,0.988,169.616,51.635,52.185,0,0,0,
,0.412,0.087,1.079,53.711,48.706,46.752,0,0,0,
,0.293,0.193,1.106,-95.337,36.743,51.147,0,0,0,
,0.137,0.295,1.225,-225.831,-36.866,97.473,0,0,0,
,-0.175,0.547,1.251,-240.113,-72.449,110.412,0,0,0,
,-0.398,0.293,0.997,-206.177,-59.51,62.255,0,0,0,
,-0.55,0.23,0.703,-121.705,-23.621,48.461,0,0,0,
,-0.662,0.237,0.657,151.55,1.464,52.673,0,0,0,
,-0.803,-0.082,0.608,321.594,39.184,-26.185,0,0,0,
,-0.579,-0.042,0.848,381.103,106.933,-41.26,0,0,0,
,-0.052,-0.152,0.986,271.24,95.52,-111.329,0,0,0,
,0.098,-0.203,1.01,139.221,78.186,-132.142,0,0,0,
,0.138,-0.204,0.898,-27.588,106.079,-185.73,0,0,0,
,0.43,0.295,0.917,63.171,113.159,-158.814,0,0,0,
,0.577,0.395,1.006,405.578,102.539,-187.195,0,0,0,
,0.701,0.224,1.107,418.213,105.224,-165.284,0,0,0,
,0.864,0.148,1.243,-24.659,52.856,-99.976,0,0,0,
,0.783,0.249,1.237,-303.711,-20.997,-17.701,0,0,0,
,0.493,0.173,1.225,-169.678,-32.105,62.439,0,0,0,
,0.462,0.16,1.17,-19.837,-53.894,153.32,0,0,0,
,0.423,0.176,1.088,112.671,-39.246,188.537,0,0,0,
,0.39,0.193,1.007,74.89,-52.552,211.181,0,0,0,
,0.181,0.089,0.896,161.682,-44.495,225.158,0,0,0,
,0.028,-0.125,0.869,119.018,-22.217,197.143,0,0,0,
,-0.185,-0.18,0.838,-27.283,2.014,132.629,0,0,0,
,-0.466,-0.129,0.753,-26.429,25.268,23.62,0,0,0,
,-0.619,-0.011,0.832,61.889,69.274,-41.077,0,0,0,
,-0.622,-0.068,0.865,68.115,120.849,-104.493,0,0,0,
,-0.349,0.295,0.938,32.043,131.53,-52.247,0,0,0,
,-0.135,0.416,0.983,232.971,89.66,-48.157,0,0,0,
,-0.138,0.122,1.001,496.154,73.486,-49.134,0,0,0,
,0.067,-0.152,0.958,409.912,65.185,-47.12,0,0,0,
,0.309,-0.225,0.801,153.808,57.495,-99.183,0,0,0,
,0.47,-0.19,0.67,89.172,63.903,-186.463,0,0,0,
,0.425,-0.105,0.741,79.162,89.355,-175.354,0,0,0,
,0.55,0.025,0.908,222.534,114.99,-165.772,0,0,0,
,0.612,0.12,1.196,365.722,97.229,-123.536,0,0,0,
,0.716,0.177,1.456,362.243,38.818,-61.036,0,0,0,
,0.75,0.029,1.495,146.423,-59.815,15.319,0,0,0,
,0.585,0.016,1.34,-157.166,-128.724,103.088,0,0,0,
,0.539,-0.077,1.156,-293.213,-158.143,111.999,0,0,0,
,0.481,-0.087,0.939,-258.606,-143.25,138.549,0,0,0,
,0.412,-0.014,0.825,-112.427,-121.949,164.978,0,0,0,
,0.233,0.009,0.816,36.621,-105.53,159.179,0,0,0,
,0.01,0.061,0.847,202.697,-66.529,101.501,0,0,0,
,-0.145,-0.09,0.992,244.812,-36.805,60.852,0,0,0,
,-0.099,-0.124,0.935,-10.926,-6.47,2.563,0,0,0,
,-0.131,-0.234,0.73,-273.194,63.476,-43.946,0,0,0,
,-0.042,-0.011,0.806,-312.5,95.947,9.338,0,0,0,
,-0.011,0.283,0.976,-56.763,44.86,21.911,0,0,0,
,0.048,0.179,1.007,237.426,2.075,-10.682,0,0,0,
,0.033,-0.072,0.908,4.272,-76.111,-59.388,0,0,0,
,0.054,-0.074,0.918,-119.385,-67.933,-78.186,0,0,0,
,0.074,-0.016,0.974,-168.885,-67.139,-77.271,0,0,0,
,0.119,0.1,1.018,-153.443,-99.671,-43.335,0,0,0,
,0.177,0.025,0.977,-132.019,-199.585,-56.458,0,0,0,
,0.01,-0.003,0.933,-210.694,-157.349,-80.323,0,0,0,
,-0.013,-0.005,0.922,-183.533,-106.141,-85.511,0,0,0,
,-0.056,0.03,0.94,-39.917,-47.547,-95.215,0,0,0,
,-0.052,0.001,0.977,70.8,-5.127,-88.807,0,0,0,
,-0.085,0,1.002,56.884,26.428,-105.225,0,0,0,
,0.094,-0.019,0.949,-242.676,33.874,-132.386,0,0,0,
,0.11,0.033,0.905,-324.036,39.733,-120.545,0,0,0,
,0.117,0.031,0.827,-336.976,65.856,-129.151,0,0,0,
,0.105,0.184,0.827,-268.128,63.232,-132.325,0,0,0,
,0.101,0.182,0.864,-36.744,84.594,-144.165,0,0,0,
,0.105,0.109,0.965,176.574,118.835,-159.974,0,0,0,
,0.158,0.053,1.033,170.654,155.212,-160.889,0,0,0,
,0.245,0.13,1.053,11.962,102.295,-140.625,0,0,0,
,0.265,0.344,1.397,161.56,38.269,-79.956,0,0,0,
,0.173,0.074,1.27,-57.618,10.925,-96.985,0,0,0,
,0.141,0.138,1.167,-344.849,-32.227,-65.918,0,0,0,
,0.07,0.148,1.047,-461.792,-25.391,-71.961,0,0,0,
,0.056,0.129,0.983,-435.242,-16.175,-78.797,0,0,0,
,0.058,0.14,0.954,-368.897,-14.649,-82.52,0,0,0,
,0.045,0.196,0.944,-247.498,-17.701,-79.712,0,0,0,
,0.054,0.28,0.956,-86.609,-17.273,-71.717,0,0,0,
,0.068,0.249,0.973,25.146,-23.255,-63.294,0,0,0,
,0.066,0.178,0.989,57.861,-18.067,-51.392,0,0,0,
,0.063,0.113,1.007,-2.747,-10.865,-37.659,0,0,0,
,0.078,0.149,1.016,-46.021,-11.17,-24.598,0,0,0,
,0.079,0.191,1.017,-23.743,-8.24,-16.785,0,0,0,
,0.076,0.19,1.019,48.4,4.15,-12.818,0,0,0,
,0.057,0.192,1.023,-16.602,-1.404,-5.066,0,0,0,
,0.059,0.2,1.036,7.568,-0.245,-7.935,0,0,0,
,0.046,0.197,1.052,29.113,-11.658,-5.188,0,0,0,
,-0.023,0.224,1.037,1.892,-13.794,0.366,0,0,0,
,-0.086,0.242,1.001,-34.913,-25.147,-4.151,0,0,0,
,-0.131,0.256,0.999,-104.554,-38.086,-18.921,0,0,0,
,-0.122,0.169,0.989,-220.276,-63.416,-39.307,0,0,0,
,-0.118,0.206,0.96,-283.936,-91.431,-32.105,0,0,0,
,-0.032,0.288,0.91,-139.161,-100.281,-19.776,0,0,0,
,0.006,0.254,0.881,68.725,-113.465,-3.418,0,0,0,
,0.036,0.179,0.875,232.116,-93.811,27.71,0,0,0,
,0.185,0.135,0.97,229.919,0.854,58.044,0,0,0,
,0.183,0.152,0.987,137.024,23.742,48.461,0,0,0,
,0.177,0.12,1.002,124.817,43.212,20.874,0,0,0,
,0.187,0.077,1.061,104.858,54.992,9.521,0,0,0,
,0.191,0.117,1.012,63.72,77.758,-0.061,0,0,0,
,0.249,-0.007,0.858,5.615,119.934,-5.982,0,0,0,
,0.338,0.018,0.897,-111.695,88.256,32.165,0,0,0,
,0.291,0.25,1.05,-60.303,41.87,49.743,0,0,0,
,0.219,0.181,1.052,65.307,39.184,43.64,0,0,0,
,0.168,0.148,1.005,113.037,35.034,31.921,0,0,0,
,0.09,0.069,1.021,128.54,43.396,23.437,0,0,0,
,0.121,0.187,1.033,196.228,38.513,14.526,0,0,0,
,0.081,0.114,1.021,247.985,18.981,2.746,0,0,0,
,0.068,0.099,0.991,210.388,17.334,16.174,0,0,0,
,0.109,0.091,0.991,178.588,20.202,32.47,0,0,0,
,0.109,0.04,0.971,112.182,32.043,60.119,0,0,0,
,0.084,0.126,1.005,-12.207,9.399,80.322,0,0,0,
,0.082,0.13,1.034,-47.059,1.098,61.34,0,0,0,
,0.079,0.075,1.006,-37.537,-11.353,54.199,0,0,0,
,0.066,0.084,0.98,-23.743,-18.189,56.213,0,0,0,
,0.07,0.021,0.95,15.686,-12.513,34.973,0,0,0,
,0.071,-0.014,0.949,12.207,-10.621,19.348,0,0,0,
,0.088,0.013,0.949,-7.325,-4.883,2.807,0,0,0,
,0.104,0.054,0.944,-1.282,6.347,-9.034,0,0,0,
,0.125,0.16,0.982,-90.699,32.653,-15.137,0,0,0,
,0.131,0.121,0.977,-10.132,32.47,-13.916,0,0,0,
,0.102,0.099,0.967,28.259,29.113,-7.691,0,0,0,
,0.093,0.104,0.971,39.489,27.893,0.122,0,0,0,
,0.072,0.09,0.983,38.635,29.113,-0.733,0,0,0,
,0.059,0.088,0.975,11.779,33.508,-3.724,0,0,0,
,0.031,0.082,0.96,-31.373,35.278,-10.437,0,0,0,
,-0.015,0.094,0.941,-71.717,43.029,-13.855,0,0,0,
,-0.071,0.148,0.941,-95.093,43.64,-19.104,0,0,0,
,-0.103,0.156,0.919,-88.562,62.866,-37.842,0,0,0,
,-0.298,0.105,0.952,-773.011,93.566,-105.225,0,0,0,
,-0.257,0.29,0.878,-799.439,84.228,-127.137,0,0,0,
,-0.195,0.32,0.81,-357.239,75.195,-154.114,0,0,0,
,-0.204,0.197,0.776,283.874,99.182,-216.126,0,0,0,
,-0.077,-0.011,0.755,759.46,179.87,-245.789,0,0,0,
,0.14,-0.133,0.892,762.024,260.07,-272.156,0,0,0,
,0.418,-0.168,1.048,261.352,305.542,-292.481,0,0,0,
,0.831,0.219,1.202,-339.661,213.195,-262.207,0,0,0,
,1.074,0.402,1.147,-651.795,119.995,-189.454,0,0,0,
,1.072,0.622,0.981,-598.816,22.888,-55.542,0,0,0,
,0.816,0.575,0.911,-90.577,9.887,51.818,0,0,0,
,0.623,0.179,0.879,370.483,53.649,104.248,0,0,0,
,0.444,-0.082,1.007,352.905,59.997,138,0,0,0,
,0.439,-0.014,1.17,79.956,42.114,145.935,0,0,0,
,0.505,0.234,1.23,-158.265,-18.555,167.724,0,0,0,
,0.429,0.362,1.145,-229.004,-75.013,198.425,0,0,0,
,0.345,0.363,0.975,-172.669,-78.431,232.238,0,0,0,
,0.26,0.313,0.804,-21.058,-45.838,261.169,0,0,0,
,0.058,0.229,0.755,142.761,-4.944,257.751,0,0,0,
,-0.217,0.078,0.778,232.91,37.597,182.556,0,0,0,
,-0.465,0.004,0.833,187.439,85.571,102.722,0,0,0,
,-0.687,0.069,1.033,275.817,71.655,58.105,0,0,0,
,-0.655,0.145,1.246,161.316,51.94,8.178,0,0,0,
,-0.501,0.105,1.05,23.559,33.63,4.15,0,0,0,
,-0.275,0.161,0.889,49.804,38.33,4.15,0,0,0,
,-0.312,-0.04,0.795,84.533,49.987,-48.462,0,0,0,
,-0.238,0.032,0.781,125.122,84.899,-85.694,0,0,0,
,-0.108,-0.013,0.769,310.302,139.16,-160.584,0,0,0,
,0.131,-0.039,0.82,419.311,204.589,-211.121,0,0,0,
,0.378,0.03,1.038,282.531,214.233,-232.117,0,0,0,
,0.641,0.154,1.065,-1.404,177.673,-225.831,0,0,0,
,0.755,0.355,1.16,-216.553,113.586,-155.823,0,0,0,
,0.881,0.514,1.091,-180.298,67.993,-78.492,0,0,0,
,0.847,0.536,1.056,179.016,33.508,16.296,0,0,0,
,0.558,0.127,1.105,591.247,29.296,56.03,0,0,0,
,0.482,-0.215,1.261,363.769,41.076,59.509,0,0,0,
,0.506,-0.197,1.232,-87.098,-3.418,82.824,0,0,0,
,0.498,0.056,1.121,-243.836,-25.33,132.568,0,0,0,
,0.509,0.156,0.922,-273.316,-39.002,148.62,0,0,0,
,0.443,0.315,0.708,-194.581,3.906,189.392,0,0,0,
,0.258,0.318,0.707,75.195,72.509,234.13,0,0,0,
,0.098,0.11,0.844,226.013,115.905,224.06,0,0,0,
,-0.028,-0.171,0.926,174.56,104.553,134.155,0,0,0,
,-0.025,-0.029,1.179,39.917,37.048,140.686,0,0,0,
,-0.049,0.065,1.073,-94.605,-30.945,41.32,0,0,0,
,-0.346,-0.057,0.836,-47.852,-36.499,-11.841,0,0,0,
,-0.37,0.007,0.827,115.112,6.164,-19.654,0,0,0,
,-0.304,0.071,0.756,340.271,17.456,-44.373,0,0,0,
,-0.133,0.03,0.8,368.957,36.254,-96.619,0,0,0,
,-0.066,0.055,0.887,429.077,28.137,-95.276,0,0,0,
,0.049,0.029,0.927,447.082,12.573,-106.507,0,0,0,
,0.07,-0.095,0.914,334.9,13.244,-125.245,0,0,0,
,0.129,-0.098,0.873,126.648,27.71,-169.251,0,0,0,
,0.158,-0.16,0.884,9.399,54.138,-217.652,0,0,0,
,0.271,-0.143,0.937,-83.863,67.443,-250.184,0,0,0,
,0.416,0.085,1.031,-132.019,51.635,-245.301,0,0,0,
,0.608,0.287,1.095,-43.824,34.24,-205.384,0,0,0,
,0.691,0.349,1.205,-17.64,5.92,-105.347,0,0,0,
,0.782,0.346,1.27,-74.646,-16.602,9.338,0,0,0,
,0.728,0.131,1.261,-79.59,-70.557,70.007,0,0,0,
,0.57,0.001,1.127,-109.436,-92.53,167.48,0,0,0,
,0.503,-0.005,0.947,-143.067,-130.982,150.024,0,0,0,
,0.401,-0.041,0.906,-132.019,-127.869,127.014,0,0,0,
,0.32,0.093,0.881,-70.74,-139.344,132.263,0,0,0,
,0.247,0.117,0.934,208.496,-125.855,142.395,0,0,0,
,0.19,-0.025,0.926,261.413,-121.277,117.126,0,0,0,
,0.132,-0.139,0.911,170.654,-128.724,87.402,0,0,0,
,0.155,-0.109,0.927,84.167,-186.951,67.749,0,0,0,
,0.07,-0.2,0.901,-143.738,-162.171,-19.715,0,0,0,
,0.117,-0.1,0.787,-308.472,-127.869,-54.017,0,0,0,
,0.144,0.08,0.724,-131.104,-131.897,-72.51,0,0,0,
,0.116,0.018,0.756,142.578,-117.188,-112.427,0,0,0,
,0.114,-0.024,0.883,246.215,-111.39,-131.592,0,0,0,
,0.13,-0.137,0.893,200.195,-75.867,-166.016,0,0,0,
,0.087,-0.209,0.861,-66.04,-36.866,-196.839,0,0,0,
,0.078,-0.217,0.852,-392.701,15.991,-218.384,0,0,0,
,0.051,-0.026,0.904,-652.283,22.216,-230.103,0,0,0,
,-0.018,0.239,0.895,-680.481,32.47,-225.098,0,0,0,
,-0.042,0.351,0.946,-430.726,32.104,-240.174,0,0,0,
,-0.041,0.275,0.999,-185.852,40.771,-229.065,0,0,0,
,-0.001,0.293,1.102,-77.759,-9.705,-198.975,0,0,0,
,-0.011,0.325,1.201,51.635,-44.983,-167.42,0,0,0,
,-0.03,0.184,1.209,-51.026,-61.463,-148.072,0,0,0,
,-0.016,0.215,1.166,-252.625,-65.308,-117.249,0,0,0,
,0.01,0.244,1.147,-320.313,-79.041,-80.384,0,0,0,
,0.036,0.273,1.156,-241.272,-97.535,-61.341,0,0,0,
,0.07,0.216,1.085,-119.324,-100.098,-40.162,0,0,0,
,0.056,0.196,1.026,-59.021,-93.811,-22.95,0,0,0,
,0.076,0.2,0.967,-31.067,-67.994,-13.977,0,0,0,
,0.09,0.161,0.98,4.943,-45.777,-12.269,0,0,0,
,0.134,0.115,0.983,27.893,-23.682,-6.897,0,0,0,
,0.142,0.118,0.977,31.616,-17.701,-2.442,0,0,0,
,0.142,0.139,0.973,37.109,-13.367,4.272,0,0,0,
,0.125,0.143,0.981,47.546,-1.893,2.014,0,0,0,
,0.12,0.151,0.955,-5.31,1.464,-9.583,0,0,0,
,0.095,0.194,0.922,-5.616,1.953,-19.227,0,0,0,
,0.099,0.152,0.94,13.183,10.192,-28.565,0,0,0,
,0.09,0.14,0.954,-0.489,13.549,-21.912,0,0,0,
,0.042,0.22,0.991,-18.616,9.582,-10.926,0,0,0,
,-0.04,0.348,1.026,-26.856,-4.822,-10.132,0,0,0,
,-0.145,0.359,1.058,4.089,-11.902,-18.372,0,0,0,
,-0.162,0.276,1.05,-11.231,-12.452,-5.127,0,0,0,
,-0.098,0.202,0.977,-137.94,-12.635,11.535,0,0,0,
,-0.007,0.217,0.917,-242.859,-53.772,20.874,0,0,0,
,-0.012,0.034,0.907,-326.294,-69.825,7.995,0,0,0,
,-0.024,0.065,0.926,-521.18,-59.571,8.056,0,0,0,
,0.037,0.188,0.945,-488.526,-9.217,-7.081,0,0,0,
,0.117,0.072,0.926,-308.533,50.598,-55.298,0,0,0,
,0.178,0.039,0.937,-214.417,73.12,-100.403,0,0,0,
,0.245,0.184,0.928,-140.442,74.707,-132.691,0,0,0,
,0.275,0.257,0.93,-101.014,70.861,-201.539,0,0,0,
,0.4,0.182,0.913,-43.457,57.312,-216.309,0,0,0,
,0.36,0.277,1.008,-69.092,2.38,-143.616,0,0,0,
,0.206,0.449,0.932,122.924,-6.226,-119.507,0,0,0,
,0.173,0.333,0.821,425.72,21.606,-108.46,0,0,0,
,0.121,0.192,0.866,554.626,37.475,-109.192,0,0,0,
,0.187,0.026,0.919,512.573,78.308,-80.933,0,0,0,
,0.179,0.225,0.933,224.67,71.533,-41.504,0,0,0,
,0.168,0.436,0.988,155.151,64.819,-46.875,0,0,0,
,0.204,0.286,1.11,174.133,52.368,-17.273,0,0,0,
,0.189,0.362,1.151,118.652,3.051,28.381,0,0,0,
,0.178,0.348,1.104,183.593,-25.818,51.574,0,0,0,
,0.143,0.203,1.072,181.457,-62.256,64.819,0,0,0,
,0.082,0.137,1.03,18.92,-58.289,63.72,0,0,0,
,0.089,0.275,1.008,-137.269,-68.116,83.435,0,0,0,
,0.096,0.28,1.028,-37.537,-64.087,97.595,0,0,0,
,0.069,0.266,1.083,111.389,-81.665,121.154,0,0,0,
,0.066,0.32,1.078,278.808,-97.107,145.385,0,0,0,
,0.064,0.066,0.99,380.798,-86.548,124.145,0,0,0,
,0.036,-0.009,0.919,281.921,-89.539,125.427,0,0,0,
,0.044,0.002,0.89,220.642,-62.256,113.769,0,0,0,
,0.067,-0.035,0.905,133.117,-42.542,83.923,0,0,0,
,0.099,0.015,0.935,113.037,-32.349,70.434,0,0,0,
,0.108,-0.033,0.911,162.841,-5.127,39.978,0,0,0,
,0.112,0.052,0.882,230.835,19.226,26.489,0,0,0,
,0.152,0.081,0.859,386.657,25.024,2.441,0,0,0,
,0.112,-0.026,0.886,401.428,55.542,-7.752,0,0,0,
,0.12,-0.165,0.944,76.904,91.98,-29.908,0,0,0,
,0.142,-0.016,1.002,-310.486,76.721,-63.111,0,0,0,
,0.169,0.127,1.01,-412.293,58.227,-66.163,0,0,0,
,0.175,0.29,1.015,-279.602,14.343,-46.998,0,0,0,
,0.146,0.238,0.961,-21.485,6.774,-41.932,0,0,0,
,0.124,0.163,0.931,110.168,-15.442,-18.86,0,0,0,
,0.087,0.084,0.923,202.453,-2.381,-3.113,0,0,0,
,0.062,0.081,0.943,248.657,17.334,15.38,0,0,0,
,0.083,0.033,0.979,282.898,39.611,5.065,0,0,0,
,0.073,-0.025,0.99,215.82,46.691,1.648,0,0,0,
,0.079,0.002,1.005,98.327,57.312,-8.301,0,0,0,
,0.083,0.001,1,-1.893,59.631,-22.4,0,0,0,
,0.071,0.054,0.994,-43.335,57.434,-26.307,0,0,0,
,0.031,0.053,0.988,-44.739,50.354,-28.687,0,0,0,
,0.027,0.088,0.982,-46.631,43.762,-36.194,0,0,0,
,0.001,0.117,0.985,-19.959,38.635,-43.824,0,0,0,
,-0.016,0.124,0.986,-12.574,32.47,-54.322,0,0,0,
,-0.043,0.095,0.976,-31.678,28.32,-65.552,0,0,0,
,-0.077,0.082,0.961,-89.295,21.179,-63.416,0,0,0,
,-0.179,0.108,0.93,-155.152,23.376,-69.031,0,0,0,
,-0.262,0.103,0.932,-179.505,53.161,-98.023,0,0,0,
,-0.257,0.146,0.933,-116.517,94.97,-112.915,0,0,0,
,-0.166,0.213,0.911,103.576,112.487,-115.723,0,0,0,
,-0.099,0.097,0.941,356.506,128.967,-134.766,0,0,0,
,0.035,-0.043,0.991,425.659,162.719,-148.316,0,0,0,
,0.259,-0.245,1.067,166.504,183.41,-171.204,0,0,0,
,0.492,-0.167,1.119,-228.211,157.165,-180.909,0,0,0,
,0.705,-0.01,1.171,-458.497,96.74,-176.392,0,0,0,
,0.838,0.209,1.098,-473.389,36.132,-132.325,0,0,0,
,0.822,0.297,1.036,-266.236,12.512,-53.284,0,0,0,
,0.732,0.242,0.987,-47.974,22.461,30.456,0,0,0,
,0.582,0.046,1.012,53.649,39.062,72.753,0,0,0,
,0.492,-0.163,1.062,-177.002,51.94,87.036,0,0,0,
,0.539,0.092,1.084,-499.207,39.428,131.042,0,0,0,
,0.433,0.375,0.99,-437.561,12.085,131.53,0,0,0,
,0.235,0.462,0.881,-88.257,12.817,146.362,0,0,0,
,0.013,0.392,0.798,165.344,31.25,142.822,0,0,0,
,-0.236,0.298,0.794,229.309,53.039,112.915,0,0,0,
,-0.521,0.196,0.799,215.759,68.42,76.843,0,0,0,
,-0.758,0.097,0.887,197.692,93.933,31.86,0,0,0,
,-0.777,-0.039,0.96,222.595,79.834,-6.775,0,0,0,
,-0.653,-0.126,1.08,222.595,60.18,-29.419,0,0,0,
,-0.291,0.054,1.002,162.475,43.762,-26.612,0,0,0,
,-0.281,0,0.873,234.558,66.406,-102.906,0,0,0,
,-0.095,-0.301,0.884,69.458,157.287,-180.42,0,0,0,
,0.233,-0.079,0.856,-140.442,188.72,-207.825,0,0,0,
,0.512,0.162,0.944,5.92,192.627,-229.065,0,0,0,
,0.814,0.235,0.989,113.769,176.818,-207.703,0,0,0,
,0.922,0.267,0.949,-58.167,135.559,-164.856,0,0,0,
,0.937,0.387,0.904,-177.857,148.803,-74.585,0,0,0,
,0.928,0.515,0.961,-25.879,157.104,22.705,0,0,0,
,0.786,0.238,1.107,398.986,171.997,105.041,0,0,0,
,0.716,-0.124,1.139,455.81,136.108,184.387,0,0,0,
,0.795,-0.006,1.367,210.144,71.289,261.413,0,0,0,
,0.619,0.022,1.175,15.014,-23.316,281.005,0,0,0,
,0.31,-0.011,1.007,-46.021,-45.105,277.954,0,0,0,
,0.115,-0.015,0.98,-56.458,-39.063,254.943,0,0,0,
,-0.127,-0.125,0.667,-99.793,9.46,128.173,0,0,0,
,-0.306,-0.044,0.799,-37.781,47.912,65.185,0,0,0,
,-0.288,0.037,0.961,-54.505,69.397,50.659,0,0,0,
,-0.235,0.026,0.901,-64.331,82.641,1.953,0,0,0,
,-0.312,0.004,0.923,-56.336,79.528,-15.259,0,0,0,
,-0.382,-0.017,1.006,-17.029,38.818,-48.401,0,0,0,
,-0.174,0.12,0.969,-22.278,-6.836,-76.844,0,0,0,
,-0.237,-0.014,0.942,87.524,-43.457,-115.296,0,0,0,
,-0.13,0.01,0.784,96.923,-30.091,-165.467,0,0,0,
,0.067,0.027,0.729,168.396,15.075,-224.06,0,0,0,
,0.481,0.248,0.87,226.745,5.615,-149.231,0,0,0,
,0.422,0.102,0.865,305.603,10.498,-203.675,0,0,0,
,0.553,-0.011,0.781,152.526,78.186,-178.589,0,0,0,
,0.761,0.268,1.011,24.78,71.106,-75.074,0,0,0,
,0.908,0.4,1.223,108.947,25.146,-24.476,0,0,0,
,0.82,0.208,1.275,190.796,-43.396,32.836,0,0,0,
,0.589,0.032,1.197,245.361,-66.468,105.59,0,0,0,
,0.576,-0.169,1.177,106.079,-47.181,165.954,0,0,0,
,0.436,-0.105,1.175,-70.13,-72.693,202.819,0,0,0,
,0.396,-0.145,1.118,-93.018,-70.496,173.462,0,0,0,
,0.282,-0.089,1.076,-151.856,-66.529,136.657,0,0,0,
,0.173,-0.057,0.878,-169.251,-34.79,86.12,0,0,0,
,0.075,0.076,0.903,-8.301,-17.518,54.077,0,0,0,
,0.008,0.008,0.883,118.957,3.295,45.044,0,0,0,
,-0.011,0.021,0.87,177.49,6.958,32.165,0,0,0,
,-0.093,-0.051,0.807,126.281,46.63,-23.377,0,0,0,
,-0.052,-0.107,0.788,17.7,48.828,-56.031,0,0,0,
,0.02,-0.016,0.812,-34.241,31.127,-93.506,0,0,0,
,0.094,0.027,0.844,4.272,-1.404,-118.653,0,0,0,
,0.147,0,0.89,56.091,-45.716,-168.091,0,0,0,
,0.192,-0.026,0.907,45.41,-87.098,-190.552,0,0,0,
,0.191,-0.012,0.877,-31.25,-130.31,-218.323,0,0,0,
,0.163,0.018,0.864,-145.386,-161.194,-250.672,0,0,0,
,0.215,-0.015,0.896,-82.825,-160.645,-288.392,0,0,0,
,0.244,0.023,0.946,-141.358,-175.965,-284.852,0,0,0,
,0.311,0.158,1,-193.604,-197.693,-292.786,0,0,0,
,0.327,0.082,1.023,-176.27,-212.464,-302.308,0,0,0,
,0.337,0.076,1.05,-280.335,-251.221,-283.875,0,0,0,
,0.328,0.1,1.072,-366.333,-283.204,-277.955,0,0,0,
,0.309,0.175,1.053,-408.692,-299.561,-255.31,0,0,0,
,0.253,0.109,0.959,-451.355,-282.776,-244.751,0,0,0,
,0.167,0.19,0.885,-396.485,-243.531,-186.341,0,0,0,
,0.13,0.23,0.832,-240.296,-166.993,-165.467,0,0,0,
,0.108,0.203,0.832,-39.673,-107.544,-133.301,0,0,0,
,0.034,0.222,0.885,39.306,-90.943,-79.468,0,0,0,
,-0.066,0.244,0.959,74.096,-53.589,-58.838,0,0,0,
,-0.091,0.231,1.021,47.18,-12.146,-60.242,0,0,0,
,-0.09,0.228,1.068,-43.091,-11.048,-43.641,0,0,0,
,-0.097,0.256,1.111,-86.548,-17.151,-25.025,0,0,0,
,-0.07,0.189,1.119,-45.411,-21.058,-23.072,0,0,0,
,-0.012,0.165,1.13,-1.648,-39.124,-8.179,0,0,0,
,0.026,0.133,1.102,14.587,-56.031,-0.123,0,0,0,
,0.03,0.083,1.031,-2.808,-63.05,-10.376,0,0,0,
,0.047,0.065,1.01,-61.585,-47.852,-18.738,0,0,0,
,0.073,0.098,0.984,-104.126,-41.443,-20.142,0,0,0,
,0.09,0.138,0.987,-71.961,-26.429,-28.687,0,0,0,
,0.108,0.087,0.983,-33.143,-7.569,-37.72,0,0,0,
,0.119,0.103,0.978,-52.002,-3.235,-34.363,0,0,0,
,0.114,0.142,0.979,-58.411,5.004,-30.701,0,0,0,
,0.111,0.151,0.982,-45.594,16.479,-31.067,0,0,0,
,0.108,0.158,0.982,-45.594,16.723,-21.546,0,0,0,
,0.083,0.19,0.967,-29.419,10.559,-18.433,0,0,0,
,0.069,0.169,0.975,-11.841,14.16,-24.537,0,0,0,
,0.08,0.175,0.981,-20.508,8.789,-20.752,0,0,0,
,0.088,0.172,0.965,-16.236,4.089,-23.682,0,0,0,
,0.075,0.182,0.983,-15.931,-2.503,-20.691,0,0,0,
,0.076,0.186,0.977,-25.452,-1.954,-23.377,0,0,0,
,0.059,0.178,0.999,-36.744,-7.447,-20.935,0,0,0,
,0.042,0.188,0.993,-41.81,-4.7,-21.973,0,0,0,
,0.064,0.191,1.025,-29.969,-4.212,-20.386,0,0,0,
,0.091,0.166,1.053,-22.522,-18.555,-26.551,0,0,0,
,0.087,0.122,1.011,-79.346,-19.532,-20.63,0,0,0,
,0.088,0.166,0.93,-214.6,-22.828,-8.301,0,0,0,
,0.058,0.251,0.924,-291.26,-19.776,3.112,0,0,0,
,0.043,0.251,0.959,-243.775,-0.733,3.418,0,0,0,
,0.01,0.25,0.957,-207.093,1.953,16.723,0,0,0,
,-0.083,0.31,0.968,-204.651,-2.015,22.033,0,0,0,
,-0.114,0.292,0.948,-167.725,17.517,5.249,0,0,0,
,-0.117,0.318,1.001,-103.577,11.901,13.977,0,0,0,
,-0.08,0.304,1.033,-26.917,21.24,29.357,0,0,0,
,-0.023,0.267,1.019,-20.447,19.226,75.744,0,0,0,
,-0.025,0.343,0.97,-30.152,5.371,110.717,0,0,0,
,-0.015,0.309,0.964,7.629,10.131,129.15,0,0,0,
,0.036,0.381,1.005,94.543,-25.513,138.366,0,0,0,
,0.014,0.306,0.939,286.804,0.976,123.23,0,0,0,
,0.018,0.121,0.935,249.084,21.423,102.783,0,0,0,
,0.075,0.042,0.943,18.127,50.293,67.382,0,0,0,
,0.181,0.169,0.92,1.403,118.408,37.353,0,0,0,
,0.199,0.083,0.881,54.748,128.784,35.888,0,0,0,
,0.268,0.243,0.881,109.069,113.159,55.664,0,0,0,
,0.234,0.19,0.947,189.331,108.276,25.695,0,0,0,
,0.241,0.149,1.027,221.13,82.031,40.466,0,0,0,
,0.213,0.173,1.04,256.713,60.363,28.808,0,0,0,
,0.155,0.128,1.046,229.736,51.757,20.752,0,0,0,
,0.181,0.105,0.992,205.993,70.617,17.395,0,0,0,
,0.181,-0.012,0.901,53.527,79.406,25.878,0,0,0,
,0.163,0.25,0.971,-131.653,32.47,46.264,0,0,0,
,0.163,0.364,1.01,-49.805,2.502,6.347,0,0,0,
,0.168,0.254,1.042,160.4,-13.245,5.676,0,0,0,
,0.126,0.206,0.979,279.968,-19.349,24.902,0,0,0,
,0.077,0.14,0.962,265.991,-3.785,40.649,0,0,0,
,0.062,0.112,0.905,146.606,13.977,30.578,0,0,0,
,0.091,0.101,0.94,50.964,27.465,50.476,0,0,0,
,0.079,0.295,0.998,27.893,5.615,63.964,0,0,0,
,0.075,0.185,1.001,110.778,8.361,39.062,0,0,0,
,0.051,0.068,1.028,79.589,6.836,34.24,0,0,0,
,0.022,0.081,0.994,29.602,24.536,41.626,0,0,0,
,-0.009,0.14,0.871,-5.127,44.433,31.494,0,0,0,
,0.086,0.031,0.953,47.485,41.992,4.943,0,0,0,
,0.099,0.196,1.02,84.533,-3.54,-1.954,0,0,0,
,0.11,0.107,1.035,189.392,-13.855,-19.043,0,0,0,
,0.087,0.065,0.995,70.19,-18.311,-14.161,0,0,0,
,0.089,0.148,0.959,-30.762,-4.944,-12.269,0,0,0,
,0.085,0.204,0.946,26.733,13.488,2.197,0,0,0,
,0.085,0.245,0.964,112.365,32.287,27.526,0,0,0,
,0.09,0.242,0.995,229.37,36.743,44.86,0,0,0,
,0.067,0.185,0.996,315.612,29.541,63.415,0,0,0,
,0.052,0.069,0.979,313.842,39.489,76.049,0,0,0,
,0.046,0.055,1.003,224.975,36.621,83.252,0,0,0,
,0.05,0.017,0.992,196.106,39.856,69.885,0,0,0,
,0.053,0.01,0.979,192.138,34.851,65.979,0,0,0,
,0.068,-0.003,0.973,260.315,32.531,50.964,0,0,0,
,0.062,-0.052,0.981,289.245,18.066,38.147,0,0,0,
,0.073,-0.061,0.963,252.136,10.192,27.038,0,0,0,
,0.022,-0.068,0.956,168.457,5.371,17.639,0,0,0,
,-0.046,-0.002,0.966,115.112,26.306,11.413,0,0,0,
,-0.166,0.116,0.901,159.607,28.137,0.366,0,0,0,
,-0.334,0.026,0.86,222.107,53.588,-36.56,0,0,0,
,-0.457,-0.105,0.85,165.588,104.065,-85.572,0,0,0,
,-0.404,-0.128,0.838,185.363,181.884,-109.925,0,0,0,
,-0.169,-0.156,0.911,311.218,250.488,-135.193,0,0,0,
,0.13,-0.109,0.968,495.727,275.634,-157.837,0,0,0,
,0.372,-0.162,1.049,518.921,276.611,-181.214,0,0,0,
,0.653,-0.224,1.038,206.298,285.034,-185.303,0,0,0,
,1.1,-0.051,1.004,-266.785,268.371,-169.434,0,0,0,
,1.259,0.114,1.007,-538.88,190.368,-118.287,0,0,0,
,1.104,0.248,1.019,-350.159,114.502,-15.809,0,0,0,
,0.803,0.109,1.004,191.284,92.773,98.51,0,0,0,
,0.699,-0.163,0.977,482.299,78.247,140.38,0,0,0,
,0.774,-0.234,1.117,221.435,57.861,163.391,0,0,0,
,0.537,-0.186,1.063,-349.915,32.287,161.01,0,0,0,
,0.227,-0.011,0.926,-734.192,8.483,129.272,0,0,0,
,-0.105,0.178,0.895,-677.43,46.203,83.313,0,0,0,
,-0.384,0.214,0.994,-219.544,3.418,42.541,0,0,0,
,-0.719,0.176,1.048,163.025,-6.226,-6.531,0,0,0,
,-0.931,-0.077,1.161,282.47,-28.931,-53.528,0,0,0,
,-0.91,-0.152,1.017,173.278,-30.396,-75.074,0,0,0,
,-0.612,-0.035,0.949,134.277,-6.043,-50.232,0,0,0,
,-0.292,-0.2,0.892,172.851,17.578,-105.408,0,0,0,
,-0.205,-0.199,0.757,125,54.748,-127.686,0,0,0,
,0.09,-0.106,0.731,299.255,111.694,-156.678,0,0,0,
,0.333,-0.174,0.728,438.537,206.298,-192.627,0,0,0,
,0.656,0.089,0.843,423.523,258.545,-168.091,0,0,0,
,0.902,0.186,1.195,481.811,226.257,-126.16,0,0,0,
,1.138,-0.101,1.575,91.308,130.066,-99.366,0,0,0,
,1.072,-0.051,1.248,-384.949,-45.472,-91.675,0,0,0,
,0.729,-0.259,1.072,-274.109,-43.58,-16.602,0,0,0,
,0.631,-0.236,0.891,-589.356,-17.212,18.798,0,0,0,
,0.807,0.128,0.99,-436.524,-3.296,104.736,0,0,0,
,0.632,0.215,0.958,-14.466,-44.251,174.804,0,0,0,
,0.427,0.146,0.99,290.71,-76.233,208.496,0,0,0,
,0.289,-0.061,0.807,286.926,-55.97,160.705,0,0,0,
,0.003,-0.231,0.931,169.677,-114.747,134.399,0,0,0,
,-0.08,-0.013,1.036,13.122,-60.791,111.023,0,0,0,
,-0.294,-0.3,0.496,-181.641,76.599,-49.744,0,0,0,
,-0.476,-0.251,0.587,-255.066,139.099,-62.134,0,0,0,
,-0.506,-0.051,0.972,123.169,127.746,-49.5,0,0,0,
,-0.52,-0.026,1.077,342.956,135.192,-76.355,0,0,0,
,-0.227,0.054,1.151,405.273,90.942,-99.915,0,0,0,
,0.02,0.062,1.208,482.483,19.409,-89.295,0,0,0,
,0.276,-0.14,1.177,253.784,-52.979,-86.304,0,0,0,
,0.229,-0.071,1.078,-106.751,-105.652,-70.74,0,0,0,
,0.239,-0.144,0.994,-240.113,-129.456,-93.873,0,0,0,
,0.198,-0.133,0.959,-326.111,-138.733,-101.014,0,0,0,
,0.238,-0.114,0.88,-318.177,-111.084,-118.897,0,0,0,
,0.201,-0.105,0.891,-265.076,-82.337,-122.559,0,0,0,
,0.265,0.021,0.991,-163.025,-47.791,-102.967,0,0,0,
,0.417,0.122,1.053,26.611,-42.725,-78.248,0,0,0,
,0.52,0.07,1.061,116.272,-50.599,-44.922,0,0,0,
,0.511,0.012,1.013,-21.424,-65.125,-15.625,0,0,0,
,0.417,-0.042,0.956,-64.087,-68.787,-17.456,0,0,0,
,0.379,-0.078,0.956,-23.926,-56.946,6.897,0,0,0,
,0.391,-0.116,0.948,-46.753,-69.642,-8.057,0,0,0,
,0.311,-0.097,1.002,-77.515,-99.122,-10.743,0,0,0,
,0.372,-0.089,0.982,-119.385,-94.605,-10.56,0,0,0,
,0.362,-0.128,0.973,-245.911,-135.621,-20.813,0,0,0,
,0.316,-0.05,0.994,-333.558,-173.035,-29.725,0,0,0,
,0.253,-0.002,0.986,-359.131,-192.505,-50.354,0,0,0,
,0.126,0.024,0.901,-433.289,-219.422,-85.328,0,0,0,
,-0.121,0.096,0.85,-469.727,-213.013,-139.893,0,0,0,
,-0.241,0.137,0.911,-419.19,-166.748,-159.729,0,0,0,
,-0.22,0.173,0.978,-319.886,-122.437,-134.095,0,0,0,
,-0.303,0.19,0.992,-221.985,-99.793,-81.177,0,0,0,
,-0.303,0.092,0.984,-168.519,-55.237,-43.885,0,0,0,
,-0.278,0.064,0.996,-237.854,-45.96,-9.827,0,0,0,
,-0.25,0.15,0.982,-290.284,-29.48,14.343,0,0,0,
,-0.174,0.203,0.953,-232.544,-23.011,15.991,0,0,0,
,-0.058,0.206,0.978,-88.196,-29.725,11.901,0,0,0,
,0.023,0.168,0.995,51.513,-36.988,11.901,0,0,0,
,0.059,0.126,1.012,133.484,-38.697,20.568,0,0,0,
,0.056,0.085,0.993,110.229,-33.081,17.639,0,0,0,
,0.057,0.054,0.971,46.63,-7.813,-2.686,0,0,0,
,0.057,0.055,0.944,-27.894,23.437,-29.969,0,0,0,
,0.062,0.145,0.946,-46.448,53.161,-59.327,0,0,0,
,0.093,0.157,0.928,-18.311,84.655,-82.032,0,0,0,
,0.15,0.159,0.935,4.699,96.74,-75.44,0,0,0,
,0.215,0.151,0.952,12.39,105.163,-61.768,0,0,0,
,0.248,0.161,0.973,21.728,90.515,-42.115,0,0,0,
,0.235,0.198,1.002,59.692,74.34,-22.583,0,0,0,
,0.235,0.134,1.053,133.484,71.838,-16.541,0,0,0,
,0.21,0.083,1.056,136.596,65.246,-18.372,0,0,0,
,0.247,0.142,1.048,124.206,36.254,-41.077,0,0,0,
,0.247,0.05,1.016,148.315,21.301,-48.218,0,0,0,
,0.246,0.159,1.018,210.449,-24.964,-36.622,0,0,0,
,0.187,0.187,1.029,441.528,-54.383,-23.133,0,0,0,
,0.148,0.007,1.059,546.936,-57.435,-16.297,0,0,0,
,0.141,0.023,1.099,441.772,-59.449,9.826,0,0,0,
,0.123,-0.016,1.081,286.255,-44.129,13.244,0,0,0,
,0.115,0.009,0.994,104.553,-29.847,19.409,0,0,0,
,0.096,0.014,0.952,30.09,-12.818,25.94,0,0,0,
,0.079,0.011,0.949,-11.475,4.089,34.179,0,0,0,
,0.068,0.04,0.945,-7.874,30.273,43.701,0,0,0,
,0.099,-0.033,0.954,58.96,49.133,19.592,0,0,0,
,0.102,-0.022,0.994,43.029,28.503,7.995,0,0,0,
,0.098,0.011,0.996,58.105,24.047,0.244,0,0,0,
,0.118,0.006,0.997,89.294,18.554,-8.057,0,0,0,
,0.122,-0.001,0.988,74.035,17.028,-13.794,0,0,0,
,0.139,-0.021,0.976,59.997,-0.184,0.793,0,0,0,
,0.14,-0.056,0.961,21.24,2.868,4.699,0,0,0,
,0.122,-0.024,0.976,-18.128,-1.954,-1.404,0,0,0,
,0.128,-0.027,1.001,-36.316,4.15,-13.672,0,0,0,
,0.129,-0.05,0.991,-68.909,1.403,-19.593,0,0,0,
,0.099,0.002,0.992,32.348,-2.564,-20.142,0,0,0,
,0.093,-0.011,0.992,55.419,0.122,-16.419,0,0,0,
,0.085,-0.026,1.012,51.269,7.263,-11.963,0,0,0,
,0.085,-0.036,1.017,21.179,12.39,-11.109,0,0,0,
,0.07,0.015,1.029,-16.297,3.845,-9.461,0,0,0,
,0.053,0.013,1.01,-10.376,-1.404,-10.926,0,0,0,
,-0.016,0.039,0.994,-20.935,-5.249,-7.63,0,0,0,
,-0.144,0.075,0.976,-30.701,-3.235,-20.874,0,0,0,
,-0.309,0.121,0.979,-34.546,12.451,-40.711,0,0,0,
,-0.387,0.126,1.015,13.366,50.415,-56.641,0,0,0,
,-0.271,0.242,0.987,182.861,28.869,-32.044,0,0,0,
,-0.133,-0.395,0.898,370.483,55.725,-57.923,0,0,0,
,0.081,-0.387,0.871,113.098,110.351,-109.803,0,0,0,
,0.428,-0.332,0.89,-1.954,154.174,-159.424,0,0,0,
,0.861,-0.193,0.882,-96.436,178.833,-173.34,0,0,0,
,1.124,-0.048,0.934,-253.357,160.644,-158.57,0,0,0,
,1.14,0.189,0.962,-278.687,113.159,-73.121,0,0,0,
,0.999,0.118,1.007,-42.664,65.124,35.949,0,0,0,
,0.688,-0.116,0.977,165.466,44.555,108.032,0,0,0,
,0.574,-0.219,1.049,162.048,27.282,117.004,0,0,0,
,0.573,-0.073,1.111,18.31,-12.269,95.642,0,0,0,
,0.365,0.077,1.089,-122.925,-48.157,105.713,0,0,0,
,0.135,0.277,0.993,-242.432,-47.364,101.562,0,0,0,
,-0.166,0.316,0.941,-245.362,-25.757,105.896,0,0,0,
,-0.522,0.299,0.902,-178.04,-2.442,97.717,0,0,0,
,-0.977,0.07,0.896,-44.495,31.311,44.555,0,0,0,
,-1.074,-0.229,0.875,82.031,77.026,0.976,0,0,0,
,-1.008,-0.289,1.069,307.556,74.157,-5.188,0,0,0,
,-0.598,-0.329,1.195,248.535,96.496,-20.447,0,0,0,
,-0.3,-0.326,1.127,111.755,70.312,-67.933,0,0,0,
,-0.231,-0.456,1.081,-8.606,81.726,-134.888,0,0,0,
,0.193,-0.404,1.038,-279.908,109.192,-224.06,0,0,0,
,0.535,-0.182,0.909,-430.542,121.093,-265.809,0,0,0,
,0.894,0.147,0.88,-271.241,140.869,-248.963,0,0,0,
,1.053,0.264,0.827,-62.806,152.404,-207.886,0,0,0,
,1.203,0.362,0.819,4.76,161.987,-108.826,0,0,0,
,1.164,0.389,0.861,63.537,141.418,-5.921,0,0,0,
,0.778,0.159,0.957,172.18,132.08,83.923,0,0,0,
,0.616,-0.037,1.033,85.388,156.067,136.718,0,0,0,
,0.558,0.079,1.156,-156.067,116.821,148.193,0,0,0,
,0.298,0.15,1.188,-242.859,66.711,171.692,0,0,0,
,0.133,0.152,1.236,-89.661,-2.198,228.942,0,0,0,
,-0.078,0.15,1.218,-8.362,-67.688,222.717,0,0,0,
,-0.297,0.015,0.957,-67.444,-71.534,158.203,0,0,0,
,-0.628,-0.037,0.822,11.291,-46.998,115.844,0,0,0,
,-0.652,-0.204,0.826,134.399,18.493,69.763,0,0,0,
,-0.735,-0.406,0.723,254.272,48.767,8.606,0,0,0,
,-0.431,-0.342,0.875,221.862,120.544,-68.97,0,0,0,
,-0.268,-0.364,0.911,130.676,141.662,-161.927,0,0,0,
,-0.163,-0.359,0.832,123.352,157.104,-298.218,0,0,0,
,0.023,-0.261,1.023,43.945,170.044,-322.449,0,0,0,
,0.656,0.264,1.043,-199.341,151.977,-282.776,0,0,0,
,0.947,0.503,1.069,-178.894,61.035,-220.765,0,0,0,
,0.964,0.534,0.99,-204.712,33.569,-118.47,0,0,0,
,1.033,0.451,1.067,-134.156,-1.465,41.442,0,0,0,
,0.8,0.068,0.951,-64.881,-11.719,48.034,0,0,0,
,0.673,-0.057,0.924,-47.12,15.441,171.569,0,0,0,
,0.725,-0.054,0.963,-40.528,9.948,129.577,0,0,0,
,0.569,-0.086,1.002,4.821,-26.001,140.564,0,0,0,
,0.367,-0.069,1.138,43.64,-73.121,146.423,0,0,0,
,0.198,-0.071,1.198,-88.623,-110.291,94.482,0,0,0,
,0.083,0.038,1.169,-172.547,-139.283,85.937,0,0,0,
,0.057,-0.004,1.013,-231.934,-140.076,52.368,0,0,0,
,0.008,0.059,1.015,-191.163,-137.452,110.534,0,0,0,
,0.065,0.127,0.823,-100.159,-81.055,116.699,0,0,0,
,-0.011,-0.08,0.577,16.174,-15.442,87.097,0,0,0,
,-0.061,-0.123,0.629,106.933,43.762,96.618,0,0,0,
,-0.082,-0.141,0.747,233.215,39.306,36.193,0,0,0,
,-0.143,-0.15,0.897,257.324,55.053,-24.414,0,0,0,
,-0.054,-0.056,1.128,356.323,24.353,-37.171,0,0,0,
,0.009,0.101,1.216,260.437,-35.645,-65.552,0,0,0,
,0.135,0.201,1.177,148.986,-75.44,-90.76,0,0,0,
,0.214,0.129,0.985,139.099,-107.666,-76.477,0,0,0,
,0.266,-0.009,0.88,68.054,-112.061,-70.13,0,0,0,
,0.284,-0.012,0.849,-22.706,-109.192,-70.679,0,0,0,
,0.302,0.08,0.957,-49.134,-133.789,-92.835,0,0,0,
,0.388,0.03,0.999,-54.078,-155.457,-112.61,0,0,0,
,0.388,-0.051,0.984,-165.467,-174.744,-135.926,0,0,0,
,0.405,-0.096,0.952,-391.602,-201.477,-158.509,0,0,0,
,0.308,0.117,0.963,-526.307,-247.681,-162.659,0,0,0,
,0.255,0.129,0.94,-415.833,-239.93,-176.392,0,0,0,
,0.084,0.186,0.953,-272.706,-231.629,-144.837,0,0,0,
,0.007,0.069,0.973,-111.756,-187.134,-139.954,0,0,0,
,-0.11,-0.029,1.029,-168.58,-172.547,-133.728,0,0,0,
,-0.188,0.001,1.022,-254.578,-146.363,-128.663,0,0,0,
,-0.246,-0.02,1.017,-343.384,-117.859,-127.747,0,0,0,
,-0.28,-0.036,0.995,-424.927,-72.632,-109.559,0,0,0,
,-0.297,-0.007,0.988,-508.789,-37.171,-88.807,0,0,0,
,-0.278,0.123,0.977,-554.749,-2.137,-70.923,0,0,0,
,-0.198,0.365,0.944,-468.262,5.615,-68.665,0,0,0,
,-0.113,0.454,0.963,-201.172,-17.64,-63.355,0,0,0,
,0.003,0.375,0.993,127.38,-27.161,-66.773,0,0,0,
,0.039,0.227,1.002,254.76,-44.312,-58.045,0,0,0,
,0.05,0.153,1.006,233.642,-35.828,-49.561,0,0,0,
,0.05,0.142,1.047,143.676,-13.062,-52.308,0,0,0,
,0.101,0.186,1.015,56.03,15.136,-58.777,0,0,0,
,0.094,0.19,0.996,-18.494,21.728,-62.623,0,0,0,
,0.163,0.227,0.925,-58.716,47.607,-65.491,0,0,0,
,0.171,0.287,0.926,-3.663,43.151,-63.294,0,0,0,
,0.195,0.189,0.871,116.821,68.908,-58.838,0,0,0,
,0.257,0.13,0.96,182.617,59.57,-44.922,0,0,0,
,0.218,0.182,1.012,255.615,39.245,-21.912,0,0,0,
,0.199,0.127,0.984,283.874,35.4,-20.752,0,0,0,
,0.17,0.138,0.979,224.121,13.794,-30.274,0,0,0,
,0.17,0.103,1.009,183.288,12.634,-33.326,0,0,0,
,0.154,0.173,1.033,121.521,-4.761,-9.4,0,0,0,
,0.138,0.176,0.991,79.223,-11.536,-4.822,0,0,0,
,0.108,0.126,0.99,45.288,-16.785,7.08,0,0,0,
,0.091,0.14,1.012,34.545,-11.231,37.414,0,0,0,
,0.078,0.121,1.006,38.635,-11.536,41.015,0,0,0,
,0.097,0.078,1.017,54.809,-11.78,35.461,0,0,0,
,0.104,0.046,1.014,67.321,-23.133,27.771,0,0,0,
,0.091,0.034,1.002,60.669,-13.733,16.723,0,0,0,
,0.107,0.036,0.994,24.963,-11.902,1.892,0,0,0,
,0.11,0.014,0.992,4.76,-4.944,-9.217,0,0,0,
,0.118,0.032,0.984,-20.447,2.014,-20.569,0,0,0,
,0.122,0.09,1,7.385,5.493,-21.912,0,0,0,
,0.125,0.079,0.991,51.635,18.371,-28.87,0,0,0,
,0.116,0.063,0.988,42.907,21.24,-25.086,0,0,0,
,0.101,0.102,0.978,15.625,22.277,-24.231,0,0,0,
,0.083,0.098,0.972,14.587,46.142,-28.138,0,0,0,
,0.069,0.113,0.985,-8.667,32.165,-17.273,0,0,0,
,0.093,0.155,1.009,-12.33,28.808,-19.104,0,0,0,
,0.054,0.115,1.016,3.54,28.503,-13.123,0,0,0,
,0.057,0.186,1.015,-22.767,17.028,-8.728,0,0,0,
,0.062,0.128,1.006,-4.09,13.61,-12.33,0,0,0,
,0.063,0.145,0.998,-13.123,3.356,-1.099,0,0,0,
,0.064,0.152,1.002,11.901,-6.104,5.004,0,0,0,
,0.065,0.102,0.978,12.268,-5.677,3.54,0,0,0,
,0.072,0.101,0.968,-8.851,-6.165,3.906,0,0,0,
,0.077,0.102,0.958,-11.048,-0.061,0.793,0,0,0,
,0.079,0.094,0.952,-1.221,7.385,-1.099,0,0,0,
,0.091,0.103,0.959,6.469,11.352,0.488,0,0,0,
,0.093,0.11,0.975,26.306,12.817,-2.381,0,0,0,
,0.092,0.074,0.979,33.203,15.258,-6.043,0,0,0,
,0.088,0.086,0.983,23.925,20.568,-7.691,0,0,0,
,0.096,0.086,0.979,19.531,23.986,-9.705,0,0,0,
,0.093,0.102,0.984,12.878,20.996,-13.611,0,0,0,
,0.091,0.093,0.982,27.16,22.338,-12.696,0,0,0,
,0.077,0.103,0.989,23.193,22.827,-12.696,0,0,0,
,0.082,0.106,0.988,34.484,27.16,-13.916,0,0,0,
,0.076,0.107,0.991,31.066,23.925,-12.146,0,0,0,
,0.075,0.104,0.996,19.958,24.78,-11.963,0,0,0,
,0.073,0.111,0.988,15.136,24.536,-8.423,0,0,0,
,0.064,0.105,0.97,8.361,23.925,-6.47,0,0,0,
,0.068,0.106,0.97,20.568,29.846,-9.095,0,0,0,
,0.06,0.104,0.96,29.663,32.959,-4.639,0,0,0,
,0.058,0.104,0.963,32.226,39.794,-3.113,0,0,0,
,0.043,0.108,0.968,39.245,46.691,5.065,0,0,0,
,0.01,0.095,0.969,37.719,59.692,14.526,0,0,0,
,-0.038,0.105,0.976,42.053,76.11,23.925,0,0,0,
,-0.14,0.087,0.975,43.151,91.125,11.718,0,0,0,
,-0.267,0.088,0.96,41.32,111.694,-12.635,0,0,0,
,-0.397,0.052,0.959,63.171,128.784,-50.049,0,0,0,
,-0.45,-0.024,0.925,54.26,160.705,-108.948,0,0,0,
,-0.346,-0.07,0.93,68.786,194.213,-170.96,0,0,0,
,-0.175,-0.045,0.956,100.769,226.196,-220.276,0,0,0,
,0.114,0.012,0.979,153.015,244.201,-244.324,0,0,0,
,0.552,0.155,1.03,264.16,218.811,-228.821,0,0,0,
,1.016,0.266,0.969,268.005,179.748,-201.111,0,0,0,
,1.41,0.382,0.944,77.514,118.164,-136.231,0,0,0,
,1.437,0.505,0.97,-127.93,13.366,25.94,0,0,0,
,1.163,0.263,1.043,49.072,-84.168,165.588,0,0,0,
,0.874,0.075,1.118,414.489,-130.677,331.665,0,0,0,
,0.786,-0.154,1.068,552.673,-180.359,327.392,0,0,0,
,0.338,-0.371,1.009,350.097,-237.488,287.353,0,0,0,
,-0.233,-0.22,0.886,93.444,-204.529,185.424,0,0,0,
,-0.777,-0.264,0.872,-60.547,-102.112,56.03,0,0,0,
,-0.959,-0.26,0.898,-247.132,5.493,-13.855,0,0,0,
,-1.037,-0.133,0.92,-261.475,58.227,-76.966,0,0,0,
,-1.096,-0.081,0.939,-32.41,88.806,-119.446,0,0,0,
,-0.766,0.082,1.048,240.539,104.98,-132.508,0,0,0,
,-0.482,0.015,0.896,328.552,94.604,-172.181,0,0,0,
,-0.438,-0.046,0.807,247.131,114.013,-183.594,0,0,0,
,0.092,-0.041,0.772,118.652,166.198,-218.445,0,0,0,
,0.754,0.03,0.786,16.723,180.114,-254.395,0,0,0,
,1.172,0.069,0.888,-49.073,125.488,-275.757,0,0,0,
,1.199,0.162,0.934,-105.896,64.514,-225.953,0,0,0,
,1.101,0.235,1.055,31.921,36.804,-110.291,0,0,0,
,0.859,0.046,1.255,279.968,-4.7,-69.764,0,0,0,
,0.651,-0.439,1.644,209.228,-70.496,-121.216,0,0,0,
,0.868,-0.211,1.728,-431.336,-201.539,140.197,0,0,0,
,0.337,-0.235,1.148,253.723,228.393,-157.349,0,0,0,
,0.836,-0.101,1.08,-238.221,203.674,-138.001,0,0,0,
,1.161,0.316,1.161,-145.874,79.528,-45.533,0,0,0,
,0.964,0.149,1.165,214.172,33.142,-28.87,0,0,0,
,0.927,-0.117,1.125,327.514,-13.306,-8.606,0,0,0,
,0.68,-0.418,1.168,230.102,-19.776,43.64,0,0,0,
,0.912,-0.233,1.083,-223.999,-59.571,104.37,0,0,0,
,0.69,0.013,0.975,-200.806,-133.912,169.983,0,0,0,
,0.431,0.014,0.965,-48.157,-123.719,177.673,0,0,0,
,0.189,-0.163,0.646,-68.482,-57.312,105.957,0,0,0,
,-0.117,0.001,1.046,39.733,-70.435,144.653,0,0,0,
,-0.188,-0.011,0.902,30.578,3.601,26.672,0,0,0,
,-0.373,-0.309,0.643,-243.042,69.885,-64.209,0,0,0,
,-0.172,0.152,0.838,-150.757,72.998,12.695,0,0,0,
,-0.207,-0.059,0.953,41.259,52.49,-48.645,0,0,0,
,-0.058,-0.067,1.003,6.53,12.268,-32.532,0,0,0,
,-0.038,-0.012,0.976,-65.247,-19.288,-48.768,0,0,0,
,0.021,0.019,0.888,-151.307,-5.433,-43.213,0,0,0,
,0.114,0.033,0.886,-197.51,-6.592,-47.12,0,0,0,
,0.182,0.042,0.921,-207.703,-13.733,-59.082,0,0,0,
,0.264,0.072,0.972,-168.274,-38.453,-64.576,0,0,0,
,0.326,0.056,1.121,-150.269,-79.041,-69.092,0,0,0,
,0.321,0.067,1.128,-272.889,-130.494,-68.726,0,0,0,
,0.323,-0.058,1.031,-530.396,-128.418,-125.428,0,0,0,
,0.26,-0.099,0.885,-1040.345,-170.96,-99.915,0,0,0,
,0.135,0.311,0.921,-1114.441,-169.312,-93.506,0,0,0,
,0.065,0.447,0.89,-632.752,-123.291,-54.688,0,0,0,
,-0.041,0.363,0.906,-34.119,-72.815,-21.668,0,0,0,
,-0.125,0.109,0.987,269.47,-24.231,-14.161,0,0,0,
,-0.188,0.037,1.053,236.023,9.887,-15.198,0,0,0,
,-0.203,0.046,1.088,145.08,36.804,-26.795,0,0,0,
,-0.211,0.083,1.096,29.724,32.898,-38.147,0,0,0,
,-0.17,0.158,1.115,-23.499,16.052,-52.185,0,0,0,
,-0.072,0.245,1.1,-29.358,-14.466,-58.167,0,0,0,
,0.018,0.251,1.053,22.644,-40.162,-59.632,0,0,0,
,0.095,0.177,0.977,19.409,-54.749,-36.133,0,0,0,
,0.112,0.22,0.944,-15.564,-65.552,-7.935,0,0,0,
,0.124,0.221,0.929,7.019,-60.914,13.916,0,0,0,
,0.114,0.186,0.918,52.856,-51.209,23.742,0,0,0,
,0.098,0.198,0.931,90.637,-36.683,25.756,0,0,0,
,0.216,0.157,0.939,281.555,-2.503,1.586,0,0,0,
,0.242,0.108,0.956,225.402,3.967,2.99,0,0,0,
,0.251,0.047,0.957,112.365,15.38,3.418,0,0,0,
,0.246,0.013,0.937,-34.546,35.583,5.737,0,0,0,
,0.223,0.116,0.896,-171.509,33.203,19.409,0,0,0,
,0.232,0.185,0.983,-94.971,18.92,5.188,0,0,0,
,0.224,0.2,0.977,142.7,14.16,-14.71,0,0,0,
,0.171,0.04,0.981,231.628,17.517,-20.935,0,0,0,
,0.188,0.063,1.009,150.512,19.653,-16.236,0,0,0,
,0.2,0.077,1.021,-0.061,12.023,-33.081,0,0,0,
,0.247,-0.087,0.947,-170.533,21.545,-26.917,0,0,0,
,0.255,0.188,1.064,-299.256,-33.631,-13.367,0,0,0,
,0.194,0.238,1.022,205.017,-84.534,8.972,0,0,0,
,0.13,0.179,1.015,252.624,-85.144,31.25,0,0,0,
,0.073,0.149,1.042,204.101,-70.435,35.4,0,0,0,
,0.05,0.081,1.029,101.135,-48.096,44.982,0,0,0,
,0.026,0.117,0.992,28.137,-26.001,37.414,0,0,0,
,0.023,0.105,0.979,-20.569,-3.113,22.461,0,0,0,
,0.022,0.068,0.955,-50.477,25.878,8.239,0,0,0,
,0.012,-0.006,0.881,-97.168,82.885,-2.747,0,0,0,
,0.044,-0.038,0.676,-211.548,125.244,11.84,0,0,0,
,0.148,0.214,1.036,-106.446,62.072,24.963,0,0,0,
,0.144,0.234,1.051,185.424,29.907,-20.874,0,0,0,
,0.142,0.019,0.999,252.99,7.202,-24.537,0,0,0,
,0.148,0.14,1.019,139.648,-12.452,-15.503,0,0,0,
,0.115,0.095,1.006,70.19,3.967,8.789,0,0,0,
,0.116,0.019,1.017,16.601,16.723,24.963,0,0,0,
,0.123,0.023,1.017,-92.469,4.394,25.085,0,0,0,
,0.109,0.119,1.019,-133.545,-13.489,-8.301,0,0,0,
,0.132,0.077,0.987,-48.706,-13.245,-29.786,0,0,0,
,0.114,0.103,0.976,-37.842,-7.935,-30.091,0,0,0,
,0.109,0.126,0.979,-87.586,5.981,-20.508,0,0,0,
,0.084,0.15,0.973,-78.98,6.042,-11.963,0,0,0,
,0.064,0.126,0.953,-65.003,15.075,-10.376,0,0,0,
,0.065,0.15,0.974,-35.889,12.817,-12.207,0,0,0,
,0.06,0.134,0.967,20.263,10.62,-12.574,0,0,0,
,0.076,0.127,0.975,58.532,10.742,-16.053,0,0,0,
,0.085,0.099,0.977,31.494,16.479,-16.907,0,0,0,
,0.117,0.106,0.995,12.878,8.483,-8.728,0,0,0,
,0.112,0.102,0.984,-7.63,6.164,-11.231,0,0,0,
,0.101,0.101,0.956,-28.687,10.742,-13.245,0,0,0,
,0.107,0.166,0.956,-38.88,14.099,-14.222,0,0,0,
,0.138,0.166,0.974,42.663,13.366,-18.555,0,0,0,
,0.122,0.125,0.991,61.645,13.916,-10.498,0,0,0,
,0.122,0.112,0.992,31.738,13,-10.926,0,0,0,
,0.114,0.117,0.996,14.709,10.192,-8.484,0,0,0,
,0.098,0.111,0.977,39.123,9.765,-17.701,0,0,0,
,0.083,0.103,0.973,41.748,20.507,-17.518,0,0,0,
,0.08,0.115,0.981,41.87,24.475,-15.992,0,0,0,
,0.092,0.126,0.989,61.462,26.306,-12.391,0,0,0,
,0.079,0.109,1,57.617,23.437,-6.531,0,0,0,
,0.063,0.102,0.994,32.898,20.019,-4.517,0,0,0,
,0.039,0.121,0.98,26.672,19.043,-2.381,0,0,0,
,-0.006,0.135,0.966,62.377,18.981,-8.301,0,0,0,
,-0.129,0.172,0.933,82.214,35.766,-26.123,0,0,0,
,-0.236,0.246,0.878,137.451,32.409,-51.514,0,0,0,
,-0.291,0.197,0.864,165.588,37.719,-75.623,0,0,0,
,-0.31,0.155,0.854,99.304,43.029,-103.455,0,0,0,
,-0.334,0.083,0.829,59.387,81.97,-113.099,0,0,0,
,-0.204,0.05,0.903,199.463,127.441,-115.845,0,0,0,
,-0.012,-0.127,0.929,451.172,163.025,-154.969,0,0,0,
,0.185,-0.276,0.973,622.009,187.072,-223.999,0,0,0,
,0.462,-0.492,1.089,466.186,223.877,-276.001,0,0,0,
,0.693,-0.438,1.163,-195.923,186.035,-313.111,0,0,0,
,0.984,-0.005,1.124,-783.692,130.188,-303.833,0,0,0,
,1.257,0.535,0.918,-959.595,81.848,-189.087,0,0,0,
,1.262,0.985,0.862,-240.357,53.955,20.08,0,0,0,
,1.02,0.536,0.797,876.464,88.317,186.279,0,0,0,
,0.843,-0.354,0.998,1015.93,95.703,200.927,0,0,0,
,0.758,-0.355,1.164,166.381,29.968,241.943,0,0,0,
,0.324,0.032,1.119,-471.802,-46.631,216.125,0,0,0,
,-0.162,0.272,1.033,-501.16,-65.979,155.456,0,0,0,
,-0.529,0.618,1.472,-119.08,-141.785,232.727,0,0,0,
,-0.745,0.088,1.07,-0.061,-155.945,108.093,0,0,0,
,-0.955,-0.338,0.845,-248.108,-137.696,47.302,0,0,0,
,-1.077,-0.493,0.65,-493.653,-43.702,-52.185,0,0,0,
,-0.863,-0.333,0.808,-414.734,33.996,-92.286,0,0,0,
,-0.475,-0.142,0.879,-369.69,88.195,-189.331,0,0,0,
,-0.395,0.127,0.84,-221.497,126.403,-265.564,0,0,0,
,-0.044,0.327,0.887,74.768,165.161,-255.616,0,0,0,
,0.193,0.283,0.799,333.313,183.654,-201.966,0,0,0,
,0.548,0.2,0.802,203.552,180.297,-226.624,0,0,0,
,0.858,0.281,0.921,176.818,130.31,-227.173,0,0,0,
,1.148,0.638,1.454,296.753,-7.935,-138.245,0,0,0,
,0.98,0.146,1.212,392.517,-72.51,-104.798,0,0,0,
,0.957,-0.028,1.184,79.895,-49.683,40.466,0,0,0,
,0.736,-0.223,1.114,194.213,-19.349,125.915,0,0,0,
,0.807,-0.272,1.137,-44.068,8.3,164.001,0,0,0,
,0.859,0,0.997,-177.979,-2.869,199.279,0,0,0,
,0.597,0.097,0.928,-12.94,-35.767,247.619,0,0,0,
,0.32,0.234,1.142,162.597,-100.831,246.582,0,0,0,
,0.057,0.021,1.1,216.003,-136.841,220.764,0,0,0,
,-0.191,-0.095,0.815,-12.085,-69.825,113.952,0,0,0,
,-0.414,0.018,0.899,-68.543,-64.393,85.815,0,0,0,
,-0.531,0.051,0.929,6.469,-21.729,52.063,0,0,0,
,-0.644,-0.026,0.689,49.072,36.499,-44.007,0,0,0,
,-0.649,0.001,0.791,120.239,69.274,-47.181,0,0,0,
,-0.478,0.014,0.873,19.714,88.745,-107.056,0,0,0,
,-0.144,0.037,0.752,36.499,107.422,-169.739,0,0,0,
,0.106,-0.028,0.669,19.165,157.409,-201.233,0,0,0,
,0.406,0.252,0.831,59.204,123.596,-187.439,0,0,0,
,0.558,0.288,1.04,254.455,61.34,-136.536,0,0,0,
,0.54,0.11,1.037,163.635,50.293,-110.474,0,0,0,
,0.853,0.218,1.178,-55.237,15.075,-29.602,0,0,0,
,0.944,0.364,1.332,-20.325,-67.627,82.58,0,0,0,
,0.76,0.054,1.295,107.116,-140.503,168.029,0,0,0,
,0.71,-0.084,1.163,86.975,-170.289,223.816,0,0,0,
,0.447,-0.051,1.127,30.456,-200.135,216.919,0,0,0,
,0.278,-0.172,0.997,-15.503,-191.285,156.677,0,0,0,
,0.044,-0.142,0.963,-75.379,-191.407,58.715,0,0,0,
,0.002,0.075,0.809,-236.695,-105.774,-37.598,0,0,0,
,0.005,0.045,0.85,-113.221,-80.689,-55.481,0,0,0,
,-0.057,0.014,0.833,-123.352,-45.655,-49.5,0,0,0,
,-0.092,-0.018,0.854,-202.454,-17.334,-58.289,0,0,0,
,-0.135,0.045,0.907,-329.102,-7.874,-95.948,0,0,0,
,-0.157,0.113,0.952,-436.341,-13.916,-128.602,0,0,0,
,-0.116,0.153,0.902,-491.456,-12.146,-164.185,0,0,0,
,-0.014,0.302,0.957,-394.043,-50.293,-144.837,0,0,0,
,0.056,0.198,0.979,-209.778,-59.937,-166.932,0,0,0,
,0.13,0.213,0.971,-217.835,-64.82,-115.052,0,0,0,
,0.248,0.264,0.91,-166.321,-63.66,-106.141,0,0,0,
,0.222,0.244,0.906,-4.822,-62.256,-93.14,0,0,0,
,0.188,0.231,0.901,159.546,-39.185,-77.027,0,0,0,
,0.16,0.187,0.874,355.407,4.76,-72.937,0,0,0,
,0.135,0.034,0.9,500.305,66.65,-79.834,0,0,0,
,0.05,-0.057,0.939,450.256,126.037,-92.225,0,0,0,
,-0.007,-0.015,1.018,333.923,156.738,-121.277,0,0,0,
,0.024,0.055,1.143,320.251,145.874,-132.813,0,0,0,
,0.053,0.084,1.288,315.063,112.365,-116.333,0,0,0,
,0.086,0.138,1.286,177.856,54.809,-105.652,0,0,0,
,0.074,0.07,1.196,17.517,13.732,-120.789,0,0,0,
,0.06,0.027,1.107,-197.388,-14.527,-125.245,0,0,0,
,0.04,0.067,1.031,-310.852,-33.081,-132.935,0,0,0,
,0.043,0.057,0.963,-286.988,-33.692,-148.56,0,0,0,
,0.051,0.08,0.958,-230.408,-43.457,-165.711,0,0,0,
,0.102,0.144,0.983,-157.776,-45.899,-159.607,0,0,0,
,0.144,0.161,0.998,-106.019,-43.152,-146.546,0,0,0,
,0.201,0.173,0.986,-116.639,-52.674,-108.887,0,0,0,
,0.153,0.194,0.975,-170.044,-70.435,-70.74,0,0,0,
,0.065,0.189,0.967,-223.084,-59.754,-50.538,0,0,0,
,0.102,0.281,1.009,-205.567,-61.463,-28.748,0,0,0,
,0.125,0.302,1.03,-128.174,-96.253,-11.17,0,0,0,
,0.081,0.278,0.974,-4.944,-119.751,19.47,0,0,0,
,0.014,0.246,0.942,52.673,-127.32,36.865,0,0,0,
,-0.042,0.208,0.923,44.799,-111.573,35.766,0,0,0,
,-0.076,0.177,0.927,18.798,-88.074,38.635,0,0,0,
,-0.079,0.167,0.902,0.366,-50.11,46.508,0,0,0,
,-0.067,0.212,0.911,9.643,-22.522,57.312,0,0,0,
,-0.01,0.24,0.901,84.167,11.535,54.87,0,0,0,
,0.062,0.191,0.912,132.141,25.634,59.082,0,0,0,
,0.11,0.132,0.909,134.277,43.335,63.171,0,0,0,
,0.116,0.122,0.913,99.975,49.438,48.095,0,0,0,
,0.129,0.05,0.92,69.03,66.406,28.869,0,0,0,
,0.151,-0.002,0.951,32.226,76.965,6.347,0,0,0,
,0.154,0.03,0.921,-6.836,95.336,-6.165,0,0,0,
,0.199,0.228,0.972,40.1,83.618,-18.433,0,0,0,
,0.303,0.104,0.955,174.133,96.008,-49.622,0,0,0,
,0.265,0.08,0.977,141.479,61.218,-7.447,0,0,0,
,0.222,0.119,1.014,133.239,48.767,11.718,0,0,0,
,0.2,0.058,1.072,89.111,14.16,1.098,0,0,0,
,0.136,0.028,1.129,-15.137,-30.091,-0.977,0,0,0,
,0.135,0.136,1.086,-103.211,-44.678,-26.673,0,0,0,
,0.16,0.13,1.06,-26.123,-73.853,-44.007,0,0,0,
,0.114,0.065,1.022,57.983,-87.403,-39.368,0,0,0,
,0.11,0.079,1.005,46.203,-76.539,-29.908,0,0,0,
,0.134,0.062,0.952,-27.588,-50.904,-20.813,0,0,0,
,0.106,0.094,0.979,-107.056,-42.542,-9.461,0,0,0,
,0.062,0.148,0.933,-44.312,1.403,-0.855,0,0,0,
,0.057,0.162,0.936,65.918,14.343,-4.212,0,0,0,
,0.054,0.093,0.944,116.088,31.433,-8.24,0,0,0,
,0.075,0.064,0.968,98.632,38.086,-6.958,0,0,0,
,0.102,0.069,0.996,42.297,33.447,-18.189,0,0,0,
,0.099,0.113,1.002,-38.88,11.535,-35.279,0,0,0,
,0.097,0.144,0.994,-16.114,8.667,-23.987,0,0,0,
,0.086,0.119,0.978,0.671,14.953,-23.133,0,0,0,
,0.088,0.14,0.983,-7.752,16.296,-21.424,0,0,0,
,0.084,0.127,0.969,-12.207,24.902,-20.935,0,0,0,
,0.066,0.154,0.976,-50.232,21.972,-17.579,0,0,0,
,0.084,0.172,0.989,-23.438,23.62,-20.142,0,0,0,
,0.061,0.148,0.979,-5.677,18.371,-14.1,0,0,0,
,0.074,0.165,0.977,17.089,17.944,-8.667,0,0,0,
,0.071,0.137,0.979,36.193,18.066,-3.907,0,0,0,
,0.067,0.117,0.984,45.471,19.165,-0.916,0,0,0,
,0.066,0.111,1.001,38.269,14.404,-1.282,0,0,0,
,0.076,0.114,0.984,15.686,4.333,-2.991,0,0,0,
,0.075,0.126,0.974,14.221,6.225,-4.334,0,0,0,
,0.076,0.118,0.963,22.705,8.483,-3.174,0,0,0,
,0.071,0.107,0.961,17.334,13.549,-6.104,0,0,0,
,0.075,0.108,0.963,11.169,14.038,-7.386,0,0,0,
,0.079,0.109,0.963,8.972,17.334,-6.348,0,0,0,
,0.073,0.118,0.975,19.653,24.841,-5.494,0,0,0,
,0.077,0.119,0.984,32.898,34.423,-5.799,0,0,0,
,0.094,0.127,1.006,64.88,39.489,-0.489,0,0,0,
,0.116,0.111,1.02,90.271,36.804,-1.954,0,0,0,
,0.119,0.105,1.037,71.777,28.259,-1.526,0,0,0,
,0.122,0.073,1.001,15.014,15.686,-9.766,0,0,0,
,0.116,0.095,0.985,-3.724,12.451,-10.682,0,0,0,
,0.105,0.112,0.976,12.207,19.043,-5.677,0,0,0,
,0.102,0.113,0.977,38.757,23.01,-6.775,0,0,0,
,0.073,0.108,0.982,35.156,27.71,-4.944,0,0,0,
,0.056,0.113,0.985,35.888,30.944,-3.54,0,0,0,
,0.023,0.108,0.992,10.437,32.287,-3.846,0,0,0,
,-0.015,0.119,0.991,-21.485,30.212,-4.212,0,0,0,
,-0.096,0.12,0.958,-76.966,28.381,-11.353,0,0,0,
,-0.268,0.151,0.89,-188.355,29.296,-59.266,0,0,0,
,-0.443,0.196,0.842,-335.022,42.724,-131.165,0,0,0,
,-0.443,0.289,0.776,-415.467,81.054,-156.311,0,0,0,
,-0.422,0.285,0.771,-296.998,135.192,-152.039,0,0,0,
,-0.307,0.314,0.873,52.002,193.969,-135.498,0,0,0,
,-0.098,0.199,0.959,554.199,229.98,-137.33,0,0,0,
,0.138,0.05,1.057,948.547,235.229,-145.752,0,0,0,
,0.508,-0.247,1.072,950.134,253.967,-195.618,0,0,0,
,0.982,-0.638,1.198,171.997,202.636,-250.977,0,0,0,
,1.228,-0.318,1.171,-923.645,73.791,-265.442,0,0,0,
,1.175,0.203,0.959,-1338.074,-11.902,-181.641,0,0,0,
,1.003,0.58,0.975,-704.346,-14.283,-7.081,0,0,0,
,0.796,0.375,1.022,299.255,20.507,125.183,0,0,0,
,0.726,0.04,1.189,669.006,18.432,199.096,0,0,0,
,0.757,-0.142,1.307,123.962,-2.686,246.093,0,0,0,
,0.477,0.016,1.188,-700.562,-66.407,263.427,0,0,0,
,0.127,0.35,0.909,-952.698,-67.688,249.023,0,0,0,
,-0.18,0.511,0.704,-677.491,-17.701,216.003,0,0,0,
,-0.553,0.393,0.605,-324.341,50.537,151.672,0,0,0,
,-0.91,0.255,0.544,-21.79,86.059,65.49,0,0,0,
,-1.25,0.126,0.501,410.949,102.6,2.502,0,0,0,
,-1.225,-0.028,0.838,706.359,145.263,-25.818,0,0,0,
,-0.682,-0.022,1.222,588.928,174.011,-77.149,0,0,0,
,-0.379,-0.271,1.226,296.63,136.047,-183.838,0,0,0,
,-0.095,-0.318,1.038,-236.451,117.309,-216.004,0,0,0,
,0.188,-0.256,0.879,-451.416,142.456,-333.802,0,0,0,
,0.83,0.375,0.795,-225.769,143.615,-294.007,0,0,0,
,1.084,0.641,0.723,350.952,139.587,-257.935,0,0,0,
,1.016,0.403,0.852,569.702,173.828,-179.383,0,0,0,
,1.386,0.632,1.389,344.726,143.188,-15.931,0,0,0,
,1.099,0.233,1.286,80.749,65.368,56.945,0,0,0,
,0.735,0.069,1.2,-88.562,66.894,150.146,0,0,0,
,0.894,0.026,1.002,-230.957,45.776,223.755,0,0,0,
,0.645,0.292,1.02,17.7,12.268,255.493,0,0,0,
,0.345,0.021,0.873,149.353,-49.683,238.403,0,0,0,
,0.067,0.225,1.055,173.767,-81.055,241.088,0,0,0,
,-0.065,0.016,0.806,24.231,-18.738,130.127,0,0,0,
,-0.224,-0.012,0.406,-108.094,84.838,160.766,0,0,0,
,-0.316,0.228,1.178,61.096,12.085,79.406,0,0,0,
,-0.427,-0.084,0.804,98.755,26.367,38.574,0,0,0,
,-0.542,0.063,0.829,162.353,10.742,-37.293,0,0,0,
,-0.574,-0.136,0.905,144.958,6.408,-104.737,0,0,0,
,-0.442,0.152,0.954,19.653,-1.404,-158.204,0,0,0,
,-0.247,0.165,0.898,71.96,-34.485,-184.449,0,0,0,
,-0.046,0.231,0.796,161.071,-17.334,-173.096,0,0,0,
,0.216,0.24,0.779,211.486,-3.479,-163.575,0,0,0,
,0.469,0.347,0.811,281.555,21.423,-114.624,0,0,0,
,0.766,0.328,1.09,261.901,-18.311,-71.717,0,0,0,
,0.7,0.154,1.124,187.378,-87.098,-55.848,0,0,0,
,0.804,0.137,1.113,18.798,-111.206,-18.738,0,0,0,
,0.743,0.071,1.018,42.907,-134.888,23.559,0,0,0,
,0.593,0.018,1.057,88.134,-110.23,89.416,0,0,0,
,0.587,-0.04,1.071,186.279,-96.07,126.037,0,0,0,
,0.339,-0.182,1.16,242.004,-98.633,114.563,0,0,0,
,0.204,-0.222,1.155,160.705,-94.544,42.968,0,0,0,
,0.023,-0.223,1.127,-23.926,-118.897,-46.204,0,0,0,
,-0.085,-0.3,0.814,-251.893,-80.384,-144.654,0,0,0,
,-0.202,0.003,0.782,-297.913,-78.675,-175.721,0,0,0,
,-0.234,0.047,0.763,-187.561,-17.456,-227.051,0,0,0,
,-0.155,0.109,0.796,-80.018,23.742,-217.225,0,0,0,
,0.016,0.177,0.925,2.868,23.986,-186.158,0,0,0,
,0.103,0.135,0.959,-25.818,-13.672,-179.505,0,0,0,
,0.157,0.216,0.993,-239.441,-83.802,-186.89,0,0,0,
,0.219,0.313,0.997,-314.148,-135.132,-213.929,0,0,0,
,0.191,0.34,0.946,-219.727,-158.997,-171.631,0,0,0,
,0.132,0.332,0.945,-13.123,-145.508,-113.587,0,0,0,
,0.122,0.23,0.988,173.217,-119.935,-74.158,0,0,0,
,0.166,0.116,1.068,293.029,-87.403,-54.749,0,0,0,
,0.216,-0.018,1.128,261.047,-75.806,-53.894,0,0,0,
,0.272,-0.092,1.165,114.807,-77.332,-61.463,0,0,0,
,0.19,-0.096,1.166,-87.708,-73.792,-70.191,0,0,0,
,0.218,-0.022,1.21,-279.847,-74.463,-60.914,0,0,0,
,0.277,0.13,1.235,-389.771,-98.877,-44.495,0,0,0,
,0.179,0.184,1.053,-367.432,-128.602,-19.227,0,0,0,
,0.138,0.2,0.936,-476.014,-128.174,0.244,0,0,0,
,0.064,0.295,0.927,-396.485,-131.226,40.466,0,0,0,
,-0.002,0.302,0.892,-248.047,-127.259,69.702,0,0,0,
,-0.089,0.261,0.869,-115.235,-126.709,71.411,0,0,0,
,-0.182,0.284,0.867,3.479,-125.672,84.655,0,0,0,
,-0.249,0.239,0.857,137.634,-112.366,67.199,0,0,0,
,-0.283,0.141,0.864,162.841,-103.638,62.194,0,0,0,
,-0.282,0.06,0.828,86.853,-75.928,49.987,0,0,0,
,-0.235,0.07,0.835,2.075,-55.726,41.565,0,0,0,
,-0.188,0.123,0.864,-15.931,-35.401,30.517,0,0,0,
,-0.107,0.206,0.891,30.09,-12.635,26.977,0,0,0,
,-0.046,0.241,0.88,125.61,8.3,32.836,0,0,0,
,0.03,0.234,0.889,288.33,30.761,31.86,0,0,0,
,0.084,0.082,0.903,360.839,61.889,31.616,0,0,0,
,0.111,0.046,0.909,291.137,94.238,33.325,0,0,0,
,0.15,0.061,0.946,232.055,121.704,16.601,0,0,0,
,0.158,0.023,0.986,171.753,151.733,-1.465,0,0,0,
,0.181,0.044,1.017,116.272,181.518,1.953,0,0,0,
,0.156,0.068,1.04,59.57,198.12,0.061,0,0,0,
,0.166,0.336,0.972,78.002,193.908,15.319,0,0,0,
,0.428,0.307,1.061,422.119,149.047,-14.588,0,0,0,
,0.331,0.282,1.089,638.305,32.287,64.941,0,0,0,
,0.265,0.031,1.036,650.817,21.789,99.487,0,0,0,
,0.169,-0.155,1.083,323.913,-8.24,110.473,0,0,0,
,0.118,-0.085,1.099,1.77,-3.602,79.162,0,0,0,
,0.131,0.027,1.017,-82.581,-27.222,50.781,0,0,0,
,0.133,-0.032,0.997,24.475,-54.2,10.62,0,0,0,
,0.087,-0.084,0.964,1.159,-67.2,-9.644,0,0,0,
,0.089,-0.069,0.905,-141.236,-47.303,-31.983,0,0,0,
,0.065,0,0.904,-224.305,-27.1,-37.415,0,0,0,
,0.047,0.026,0.913,-230.347,6.591,-25.574,0,0,0,
,0.045,0.146,0.912,-165.894,29.907,-19.471,0,0,0,
,0.097,0.046,1.038,92.651,18.493,-15.564,0,0,0,
,0.119,-0.033,1.048,-2.93,-4.822,-26.307,0,0,0,
,0.073,0.046,1.067,-134.522,-23.072,-39.917,0,0,0,
,0.067,0.081,1.011,-171.082,-17.029,-42.054,0,0,0,
,0.05,0.154,0.909,-96.863,-8.423,-33.936,0,0,0,
,0.098,0.278,1.015,229.614,-35.34,-34.668,0,0,0,
,0.096,0.015,1.026,484.13,-26.49,-9.705,0,0,0,
,0.084,-0.091,1.076,369.506,-18.799,-15.381,0,0,0,
,0.083,-0.054,1.086,127.136,-12.33,-13.184,0,0,0,
,0.022,-0.019,0.994,-253.418,46.081,-29.114,0,0,0,
,0.027,0,0.953,-380.555,66.101,-42.603,0,0,0,
,0.063,0.125,0.901,-347.29,79.467,-46.814,0,0,0,
,0.07,0.272,0.99,-47.425,47.18,-26.673,0,0,0,
,0.109,0.08,0.981,196.899,54.016,-9.827,0,0,0,
,0.108,0.062,1.034,146.85,33.996,19.592,0,0,0,
,0.098,0.024,1.052,23.254,28.198,9.826,0,0,0,
,0.119,0.042,1.033,-80.933,14.16,-4.151,0,0,0,
,0.105,0.09,1.032,-88.257,-5.31,-11.292,0,0,0,
,0.099,0.072,0.995,-75.623,-13.062,-19.104,0,0,0,
,0.115,0.072,1.011,-59.51,-10.01,-31.434,0,0,0,
,0.159,0.088,0.995,-76.6,-31.922,-37.964,0,0,0,
,0.099,0.08,1.006,-107.361,-41.748,-42.786,0,0,0,
,0.07,0.112,0.936,-135.315,-4.761,-22.034,0,0,0,
,0.058,0.151,0.948,-76.722,6.469,-14.832,0,0,0,
,0.039,0.127,0.945,25.146,18.188,-12.024,0,0,0,
,0.028,0.093,0.956,99.67,23.925,-13.977,0,0,0,
,0.03,0.03,0.964,91.919,33.935,-21.363,0,0,0,
,0.042,0.041,0.977,3.845,37.536,-29.664,0,0,0,
,0.045,0.072,0.959,-60.486,41.687,-32.715,0,0,0,
,0.027,0.129,0.947,-58.167,58.41,-30.762,0,0,0,
,0.042,0.173,0.946,-2.015,72.692,-29.541,0,0,0,
,0.052,0.166,0.966,95.581,71.655,-11.78,0,0,0,
,0.049,0.145,0.996,161.438,67.443,-2.076,0,0,0,
,0.073,0.061,1.017,160.339,59.997,-0.184,0,0,0,
,0.089,0.056,1.032,-26.062,32.47,-6.104,0,0,0,
,0.1,0.076,1.023,-54.81,21.362,-18.494,0,0,0,
,0.112,0.067,1.012,-31.067,13.122,-22.706,0,0,0,
,0.121,0.08,1.002,-15.381,10.009,-23.926,0,0,0,
,0.118,0.056,1.004,-7.081,6.591,-25.574,0,0,0,
,0.113,0.044,1.002,-41.382,11.169,-30.762,0,0,0,
,0.107,0.044,0.996,-86.365,14.038,-36.011,0,0,0,
,0.081,0.075,0.978,-121.888,18.249,-43.824,0,0,0,
,0.039,0.054,0.949,-149.537,19.775,-49.927,0,0,0,
,-0.128,0.106,0.936,-179.627,2.38,-64.27,0,0,0,
,-0.436,0.1,0.853,-270.508,8.544,-134.095,0,0,0,
,-0.57,0.012,0.791,-383.484,39.001,-218.14,0,0,0,
,-0.573,0.06,0.729,-421.509,86.364,-277.527,0,0,0,
,-0.327,0.163,0.816,-145.264,155.456,-298.523,0,0,0,
,-0.003,0.271,0.787,400.268,197.876,-288.697,0,0,0,
,0.418,0.119,0.869,801.208,265.197,-282.837,0,0,0,
,0.89,-0.075,1.061,508.117,312.317,-269.837,0,0,0,
,1.522,0.538,1.179,-563.477,141.052,-21.912,0,0,0,
,1.128,0.419,1.323,-255.921,4.028,105.896,0,0,0,
,0.823,0.087,1.196,162.109,-46.387,218.078,0,0,0,
,0.854,-0.041,1.191,266.418,-54.261,263.61,0,0,0,
,0.733,-0.146,1.084,-109.436,-73.914,283.264,0,0,0,
,0.325,0.087,0.915,-566.163,-71.045,263.061,0,0,0,
,-0.063,0.364,0.78,-608.094,-26.368,201.782,0,0,0,
,-0.385,0.632,0.902,-134.156,-24.964,219.787,0,0,0,
,-1.364,-0.566,0.463,144.836,59.936,-46.631,0,0,0,
,-1.452,-0.007,0.887,400.451,76.965,-16.724,0,0,0,
,-0.971,-0.314,1.158,355.529,105.041,-187.623,0,0,0,
,-0.509,0.122,1.217,399.17,37.414,-149.781,0,0,0,
,-0.286,-0.268,0.771,470.886,204.651,-208.619,0,0,0,
,0.424,-0.148,0.916,70.007,245.422,-212.525,0,0,0,
,0.551,0.195,0.82,274.109,216.735,-255.433,0,0,0,
,0.901,0.074,0.771,206.543,280.578,-263.428,0,0,0,
,1.295,0.548,0.97,286.804,217.041,-140.015,0,0,0,
,1.326,0.362,1.511,282.47,61.889,-63.477,0,0,0,
,1.261,-0.011,1.276,-36.866,-23.499,0.244,0,0,0,
,0.695,-0.006,1.166,-327.515,-77.576,176.391,0,0,0,
,1.027,0.227,1.205,-421.326,-63.05,220.153,0,0,0,
,0.777,0.326,1.103,-82.032,-118.836,301.086,0,0,0,
,0.421,0.119,1.012,130.188,-144.532,341.858,0,0,0,
,0.213,-0.057,0.974,201.355,-136.536,312.805,0,0,0,
,-0.086,-0.331,0.457,-28.443,-44.373,202.27,0,0,0,
,-0.223,0.039,0.887,22.399,-54.261,187.439,0,0,0,
,-0.566,-0.189,0.759,166.198,13.427,6.286,0,0,0,
,-0.709,-0.219,0.754,9.094,64.636,-34.668,0,0,0,
,-0.746,0.007,0.889,139.16,92.407,-95.459,0,0,0,
,-0.58,0.125,1.116,137.39,60.363,-137.269,0,0,0,
,-0.397,0.099,1.132,140.503,15.136,-141.663,0,0,0,
,-0.242,0.154,0.969,72.998,-24.476,-136.719,0,0,0,
,-0.057,0.009,0.783,22.399,6.225,-141.297,0,0,0,
,0.584,0.264,0.885,-37.049,17.883,-133.484,0,0,0,
,0.694,0.101,1.005,87.89,-0.55,-137.513,0,0,0,
,0.828,0.081,0.94,-178.589,23.498,-128.479,0,0,0,
,1.035,0.523,1.267,-93.201,-59.693,9.338,0,0,0,
,0.847,0.179,1.314,189.026,-97.107,80.688,0,0,0,
,0.736,-0.081,1.285,131.103,-125.367,164.795,0,0,0,
,0.586,-0.131,1.312,9.643,-163.086,190.49,0,0,0,
,0.476,-0.142,1.252,-141.602,-200.013,154.663,0,0,0,
,0.291,-0.156,0.818,-278.321,-189.82,116.211,0,0,0,
,0.175,-0.04,1.09,-66.224,-237.854,98.632,0,0,0,
,0.06,-0.066,1.046,-39.978,-231.812,34.851,0,0,0,
,0.096,-0.102,0.843,-133.851,-206.177,-23.743,0,0,0,
,0.162,-0.119,0.867,-175.171,-229.676,-41.626,0,0,0,
,0.076,-0.277,0.987,-525.025,-380.127,-171.448,0,0,0,
,0.035,-0.247,0.912,-638.123,-427.735,-214.6,0,0,0,
,-0.036,-0.2,0.854,-737.732,-448.914,-273.194,0,0,0,
,-0.105,0.013,0.804,-917.786,-471.375,-297.791,0,0,0,
,-0.117,0.166,0.783,-809.876,-489.319,-408.997,0,0,0,
,-0.166,0.211,0.74,-608.704,-500.733,-478.821,0,0,0,
,-0.24,0.216,0.692,-432.801,-469.849,-519.532,0,0,0,
,-0.292,0.213,0.667,-289.124,-405.396,-547.425,0,0,0,
,-0.285,0.23,0.743,-123.78,-326.172,-546.753,0,0,0,
,-0.241,0.187,0.762,-31.861,-257.508,-548.279,0,0,0,
,-0.288,0.239,0.789,2.38,-229.31,-514.222,0,0,0,
,-0.354,0.307,0.812,-130.066,-161.194,-520.264,0,0,0,
,-0.306,0.432,0.848,-316.224,-120.545,-541.382,0,0,0,
,-0.195,0.548,0.846,-404.053,-85.267,-558.899,0,0,0,
,-0.138,0.625,0.879,-317.872,-56.58,-528.565,0,0,0,
,-0.119,0.579,0.881,-162.293,-43.702,-480.713,0,0,0,
,-0.156,0.53,0.906,-64.331,-40.528,-417.237,0,0,0,
,-0.137,0.49,0.888,-57.007,-34.424,-360.596,0,0,0,
,-0.142,0.452,0.855,-112.854,-6.226,-320.862,0,0,0,
,-0.119,0.408,0.909,-193.787,-8.179,-295.472,0,0,0,
,-0.048,0.444,0.947,-268.25,-13.977,-284.79,0,0,0,
,-0.003,0.435,0.965,-374.146,-41.81,-254.273,0,0,0,
,0.031,0.499,0.937,-449.219,-75.806,-207.337,0,0,0,
,0.072,0.564,0.904,-452.576,-123.536,-146.241,0,0,0,
,0.058,0.612,0.828,-384.705,-139.771,-101.502,0,0,0,
,0.052,0.586,0.805,-270.325,-153.199,-82.276,0,0,0,
,0.07,0.521,0.807,-220.887,-147.339,-71.717,0,0,0,
,0.088,0.424,0.734,-283.143,-141.419,-81.727,0,0,0,
,0.189,0.687,0.786,-495.606,-136.719,66.345,0,0,0,
,0.252,0.879,0.867,-264.832,-129.7,38.818,0,0,0,
,0.306,0.939,0.989,10.07,-138.977,30.395,0,0,0,
,0.259,0.743,0.956,146.728,-159.668,36.254,0,0,0,
,0.16,0.675,0.885,101.867,-170.289,97.412,0,0,0,
,0.124,0.784,0.904,19.226,-160.279,163.025,0,0,0,
,0.114,0.951,1.059,100.647,-155.762,190.796,0,0,0,
,0.061,0.9,1.129,291.87,-156.311,247.497,0,0,0,
,0.032,0.885,1.188,496.704,-185.425,321.045,0,0,0,
,0.014,0.801,1.113,728.759,-208.435,375.854,0,0,0,
,-0.085,0.561,0.926,951.904,-196.961,395.141,0,0,0,
,-0.177,0.325,0.802,1001.709,-183.045,443.969,0,0,0,
,-0.222,0.374,0.88,835.388,-172.608,559.204,0,0,0,
,-0.258,0.43,1.065,752.014,-113.099,561.401,0,0,0,
,-0.322,0.165,1.006,610.901,-18.86,556.518,0,0,0,
,-0.375,0.099,0.843,306.823,4.516,581.848,0,0,0,
,-0.418,0.128,0.746,118.957,14.099,536.499,0,0,0,
,-0.416,0.145,0.664,96.435,85.266,465.271,0,0,0,
,-0.388,0.153,0.707,151.245,108.642,417.358,0,0,0,
,-0.352,0.021,0.67,204.834,158.935,360.534,0,0,0,
,-0.325,0.053,0.726,338.317,180.603,320.617,0,0,0,
,-0.32,-0.015,0.833,390.014,198.059,252.441,0,0,0,
,-0.29,-0.003,0.893,247.436,201.843,215.088,0,0,0,
,-0.289,0.044,0.933,60.607,174.682,169.433,0,0,0,
,-0.272,0.128,0.928,-49.439,173.95,121.704,0,0,0,
,-0.221,0.207,0.863,-67.261,163.086,90.21,0,0,0,
,-0.099,0.287,0.836,57.739,136.23,84.838,0,0,0,
,-0.068,0.484,1.065,157.47,26.855,128.418,0,0,0,
,-0.156,0.441,1.078,284.546,-19.715,125.549,0,0,0,
,-0.175,0.252,1.026,310.424,-35.523,112.793,0,0,0,
,-0.2,0.145,1.021,186.523,-59.937,115.966,0,0,0,
,-0.214,0.159,0.923,71.411,-69.275,126.281,0,0,0,
,-0.236,0.195,0.886,62.988,-64.637,127.685,0,0,0,
,-0.24,0.196,0.89,164.428,-49.256,113.83,0,0,0,
,-0.227,0.121,0.906,273.864,-23.255,94.543,0,0,0,
,-0.232,0.021,0.86,271.85,11.23,72.998,0,0,0,
,-0.244,0.01,0.864,192.443,46.691,74.523,0,0,0,
,-0.225,-0.006,0.875,136.596,87.707,52.124,0,0,0,
,-0.202,0.044,0.89,96.862,119.812,46.02,0,0,0,
,-0.218,0.045,0.926,88.867,143.249,41.381,0,0,0,
,-0.18,0.061,0.959,92.163,152.221,19.775,0,0,0,
,-0.175,0.075,1.151,111.572,116.76,1.342,0,0,0,
,-0.154,0.113,1.153,56.457,83.435,-11.536,0,0,0,
,-0.143,0.1,1.128,14.099,40.588,-37.598,0,0,0,
,-0.143,0.24,1.125,-41.138,-68.543,-11.17,0,0,0,
,-0.201,0.155,1.093,1.098,-71.839,-19.776,0,0,0,
,-0.195,0.111,1.01,-58.716,-81.055,-6.897,0,0,0,
,-0.217,0.122,0.955,-109.192,-82.154,2.99,0,0,0,
,-0.247,0.127,0.943,-141.053,-60.364,16.357,0,0,0,
,-0.246,0.191,1.022,-126.343,-59.571,38.391,0,0,0,
,-0.248,0.196,0.999,-59.327,-29.786,52.551,0,0,0,
,-0.236,0.178,0.971,46.02,-30.945,62.988,0,0,0,
,-0.255,0.09,0.941,84.899,-23.316,63.171,0,0,0,
,-0.248,0.045,0.93,35.705,-18.311,70.373,0,0,0,
,-0.243,0.033,0.942,-16.968,-17.151,64.331,0,0,0,
,-0.249,0.036,0.966,-54.505,-12.085,49.682,0,0,0,
,-0.246,0.042,0.957,-103.516,-10.315,21.545,0,0,0,
,-0.223,0.105,0.94,-92.286,-19.471,-3.968,0,0,0,
,-0.23,0.095,0.91,-22.95,-27.955,-35.157,0,0,0,
,-0.234,0.089,0.887,18.737,-15.931,-45.899,0,0,0,
,-0.223,0.106,0.904,12.512,-8.057,-45.105,0,0,0,
,-0.224,0.122,0.936,-21.363,8.117,-43.03,0,0,0,
,-0.214,0.156,0.947,-53.528,18.249,-32.044,0,0,0,
,-0.22,0.16,0.929,-68.665,51.574,-18.799,0,0,0,
,-0.212,0.154,0.926,-71.778,71.228,-13.184,0,0,0,
,-0.209,0.155,0.916,-33.387,91.552,-5.372,0,0,0,
,-0.194,0.088,1.006,81.176,130.249,-19.776,0,0,0,
,-0.146,0.068,0.93,47.851,140.808,-31.311,0,0,0,
,-0.102,0.147,1.072,-2.198,70.129,-10.254,0,0,0,
,-0.144,0.161,1.149,40.649,30.395,-18.433,0,0,0,
,-0.176,0.129,1.112,59.082,-7.63,-13.794,0,0,0,
,-0.2,0.106,1.059,18.859,-35.706,-16.053,0,0,0,
,-0.236,0.114,0.995,-51.941,-47.242,-7.813,0,0,0,
,-0.169,0.157,0.941,29.541,-16.968,7.202,0,0,0,
