TIMECODE,ACC_X,ACC_Y,ACC_Z,GYR_X,GYR_Y,GYR_Z,TAG
00:00:00:0,0.281,0.687,0.609,-7.019,9.277,-43.091,
00:00:00:16,0.288,0.692,0.616,-10.621,9.582,-34.729,
00:00:00:33,0.291,0.696,0.619,-10.865,2.136,-34.302,
00:00:00:50,0.288,0.692,0.618,-6.714,-0.916,-31.495,
00:00:00:66,0.288,0.691,0.618,-0.245,-7.874,-35.523,
00:00:00:83,0.28,0.688,0.621,-1.893,-9.278,-29.297,
00:00:00:100,0.279,0.689,0.619,-1.77,-10.682,-30.03,
00:00:00:116,0.274,0.693,0.619,-0.977,-9.339,-30.823,
00:00:00:133,0.273,0.695,0.621,0,-7.325,-28.26,
00:00:00:150,0.273,0.695,0.619,3.54,-5.86,-27.894,
00:00:00:166,0.268,0.694,0.622,1.831,-0.123,-28.504,
00:00:00:183,0.273,0.691,0.627,1.464,5.188,-27.161,
00:00:00:200,0.276,0.694,0.625,-1.587,6.591,-26.001,
00:00:00:216,0.279,0.693,0.625,1.953,5.371,-25.086,
00:00:00:233,0.276,0.688,0.619,4.638,9.338,-24.048,
00:00:00:250,0.276,0.687,0.619,4.76,8.911,-23.926,
00:00:00:266,0.282,0.692,0.617,0.305,11.962,-21.973,
00:00:00:283,0.279,0.695,0.619,2.807,12.756,-21.424,
00:00:00:300,0.276,0.693,0.616,3.356,30.639,-19.41,
00:00:00:316,0.276,0.694,0.617,6.225,19.287,-21.424,
00:00:00:333,0.279,0.697,0.613,6.652,16.784,-21.485,
00:00:00:350,0.282,0.69,0.611,5.31,16.174,-20.752,
00:00:00:366,0.282,0.693,0.62,2.929,12.329,-22.278,
00:00:00:383,0.282,0.695,0.617,1.831,11.474,-22.644,
00:00:00:400,0.279,0.692,0.616,1.403,7.385,-20.997,
00:00:00:416,0.28,0.692,0.618,3.173,4.943,-20.997,
00:00:00:433,0.277,0.689,0.615,2.929,6.103,-20.02,
00:00:00:450,0.279,0.689,0.616,-0.55,4.821,-21.18,
00:00:00:466,0.284,0.695,0.612,-2.564,0.976,-21.912,
00:00:00:483,0.276,0.697,0.616,0.366,0.976,-20.752,
00:00:00:500,0.274,0.693,0.619,7.019,-0.061,-20.752,
00:00:00:516,0.276,0.691,0.62,5.249,3.356,-20.142,
00:00:00:533,0.281,0.691,0.621,3.051,3.479,-20.935,
00:00:00:550,0.281,0.693,0.618,1.648,1.77,-19.898,
00:00:00:566,0.279,0.7,0.613,5.249,3.723,-19.898,
00:00:00:583,0.278,0.697,0.609,6.042,4.76,-18.738,
00:00:00:600,0.281,0.693,0.614,6.347,5.981,-17.701,
00:00:00:616,0.31,0.693,0.617,5.554,7.385,-19.776,
00:00:00:633,0.277,0.692,0.62,5.737,5.31,-19.227,
00:00:00:650,0.275,0.692,0.62,3.356,8.422,-19.104,
00:00:00:666,0.277,0.693,0.622,2.99,9.46,-20.508,
00:00:00:683,0.282,0.696,0.62,4.76,4.028,-20.508,
00:00:00:700,0.272,0.697,0.619,5.127,3.967,-19.898,
00:00:00:716,0.274,0.693,0.616,8.056,8.117,-21.058,
00:00:00:733,0.275,0.695,0.615,6.347,7.69,-20.386,
00:00:00:750,0.275,0.696,0.614,5.737,9.521,-20.264,
00:00:00:766,0.276,0.696,0.613,5.859,8.117,-21.18,
00:00:00:783,0.273,0.698,0.615,7.141,9.521,-18.921,
00:00:00:800,0.274,0.696,0.618,7.69,10.437,-19.41,
00:00:00:816,0.276,0.695,0.615,8.056,10.192,-20.02,
00:00:00:833,0.278,0.694,0.615,7.385,10.681,-19.227,
00:00:00:850,0.279,0.692,0.619,5.981,9.887,-19.043,
00:00:00:866,0.279,0.691,0.618,4.699,7.812,-20.63,
00:00:00:883,0.279,0.695,0.619,4.272,9.582,-19.532,
00:00:00:900,0.278,0.693,0.615,4.455,6.225,-20.081,
00:00:00:916,0.273,0.692,0.616,3.784,8.728,-20.142,
00:00:00:933,0.279,0.692,0.614,4.272,7.995,-19.165,
00:00:00:950,0.275,0.692,0.606,4.882,9.765,-19.41,
00:00:00:966,0.276,0.697,0.614,3.601,8.178,-19.959,
00:00:00:983,0.274,0.7,0.622,2.502,9.277,-22.583,
00:00:01:0,0.276,0.701,0.618,1.648,11.535,-20.386,
00:00:01:16,0.28,0.699,0.617,4.333,7.934,-19.898,
00:00:01:33,0.275,0.695,0.616,8.483,9.399,-19.349,
00:00:01:50,0.276,0.687,0.617,9.765,8.239,-20.935,
00:00:01:66,0.278,0.688,0.617,5.615,8.178,-20.691,
00:00:01:83,0.276,0.692,0.615,2.807,8.178,-21.485,
00:00:01:100,0.278,0.697,0.615,4.638,10.192,-21.729,
00:00:01:116,0.277,0.697,0.616,5.798,10.192,-20.203,
00:00:01:133,0.276,0.696,0.617,6.469,11.23,-20.142,
00:00:01:150,0.276,0.694,0.617,5.493,10.864,-19.532,
00:00:01:166,0.278,0.692,0.614,5.371,10.376,-19.837,
00:00:01:183,0.279,0.697,0.614,7.202,9.46,-19.349,
00:00:01:200,0.277,0.696,0.616,8.972,8.056,-20.447,
00:00:01:216,0.276,0.696,0.616,8.056,11.352,-20.386,
00:00:01:233,0.274,0.696,0.616,6.897,9.765,-19.654,
00:00:01:250,0.277,0.696,0.614,7.507,8.85,-20.203,
00:00:01:266,0.278,0.693,0.613,6.836,8.361,-18.616,
00:00:01:283,0.277,0.693,0.616,8.361,10.559,-19.043,
00:00:01:300,0.281,0.693,0.613,4.699,8.178,-20.203,
00:00:01:316,0.28,0.693,0.615,5.432,9.277,-19.654,
00:00:01:333,0.276,0.696,0.619,3.784,6.408,-21.18,
00:00:01:350,0.276,0.694,0.616,3.845,8.728,-20.325,
00:00:01:366,0.278,0.696,0.612,5.371,9.643,-20.203,
00:00:01:383,0.275,0.696,0.615,5.554,9.155,-21.302,
00:00:01:400,0.276,0.695,0.614,6.836,9.277,-20.264,
00:00:01:416,0.276,0.695,0.618,5.615,10.253,-20.081,
00:00:01:433,0.279,0.693,0.615,7.202,8.606,-20.447,
00:00:01:450,0.278,0.693,0.614,7.751,8.056,-19.776,
00:00:01:466,0.276,0.693,0.615,6.042,9.826,-22.522,
00:00:01:483,0.277,0.695,0.617,6.958,6.774,-20.264,
00:00:01:500,0.275,0.697,0.614,5.92,9.643,-20.081,
00:00:01:516,0.277,0.696,0.616,6.469,7.873,-20.569,
00:00:01:533,0.274,0.697,0.617,8.239,8.117,-20.569,
00:00:01:550,0.278,0.697,0.614,7.446,8.239,-20.325,
00:00:01:566,0.276,0.694,0.617,3.845,8.178,-20.142,
00:00:01:583,0.277,0.698,0.611,8.667,9.094,-19.776,
00:00:01:600,0.277,0.694,0.616,9.216,9.826,-21.18,
00:00:01:616,0.279,0.695,0.619,8.056,8.3,-20.569,
00:00:01:633,0.277,0.696,0.619,6.774,9.704,-20.081,
00:00:01:650,0.278,0.697,0.615,5.249,9.948,-19.471,
00:00:01:666,0.277,0.696,0.615,7.934,8.117,-19.288,
00:00:01:683,0.278,0.695,0.616,5.676,7.69,-20.203,
00:00:01:700,0.278,0.695,0.613,6.286,8.667,-21.79,
00:00:01:716,0.279,0.695,0.616,7.568,8.483,-20.325,
00:00:01:733,0.277,0.693,0.615,7.263,9.704,-20.02,
00:00:01:750,0.276,0.694,0.617,5.615,8.606,-20.508,
00:00:01:766,0.276,0.694,0.614,5.981,8.728,-20.203,
00:00:01:783,0.277,0.69,0.614,5.859,6.286,-19.959,
00:00:01:800,0.277,0.695,0.612,6.225,9.033,-21.18,
00:00:01:816,0.276,0.702,0.62,8.789,7.751,-21.302,
00:00:01:833,0.277,0.7,0.617,9.155,7.934,-20.63,
00:00:01:850,0.276,0.694,0.616,10.009,4.943,-19.471,
00:00:01:866,0.28,0.683,0.603,3.784,-17.273,-9.949,
00:00:01:883,0.273,0.692,0.604,6.225,-15.992,-9.034,
00:00:01:900,0.271,0.604,0.647,-52.185,-16.114,-30.213,
00:00:01:916,0.259,0.727,0.606,-65.674,5.676,-38.941,
00:00:01:933,0.29,0.736,0.598,-29.602,17.822,-46.692,
00:00:01:950,0.285,0.72,0.609,-5.921,2.563,-42.664,
00:00:01:966,0.264,0.749,0.597,62.866,-20.325,-37.171,
00:00:01:983,0.263,0.715,0.626,79.162,3.906,-49.012,
00:00:02:0,0.278,0.692,0.642,79.528,-0.611,-46.143,
00:00:02:16,0.265,0.697,0.626,87.463,-3.663,-44.861,
00:00:02:33,0.259,0.71,0.602,111.999,14.709,-54.2,
00:00:02:50,0.275,0.678,0.646,121.521,13.244,-88.074,
00:00:02:66,0.266,0.567,0.668,49.072,17.761,-120.789,
00:00:02:83,0.294,0.593,0.667,-57.007,1.281,-126.587,
00:00:02:100,0.277,0.634,0.655,-140.748,-27.771,-128.357,
00:00:02:116,0.274,0.643,0.622,-224.366,-25.574,-144.41,
00:00:02:133,0.293,0.654,0.647,-247.254,-44.251,-162.476,
00:00:02:150,0.285,0.646,0.61,-264.649,-32.227,-164.368,
00:00:02:166,0.29,0.654,0.576,-281.495,-37.598,-153.626,
00:00:02:183,0.287,0.697,0.555,-285.889,-22.095,-148.255,
00:00:02:200,0.305,0.717,0.555,-255.249,-18.311,-134.949,
00:00:02:216,0.301,0.741,0.523,-239.685,7.385,-117.371,
00:00:02:233,0.319,0.755,0.516,-232.911,36.254,-106.751,
00:00:02:250,0.354,0.907,0.545,83.007,156.128,15.564,
00:00:02:266,0.352,0.768,0.581,177.368,164.978,27.221,
00:00:02:283,0.348,0.666,0.599,87.097,170.776,33.874,
00:00:02:300,0.337,0.636,0.61,-91.431,177.49,34.973,
00:00:02:316,0.311,0.678,0.584,-198.243,184.692,21.972,
00:00:02:333,0.229,0.749,0.51,-273.804,303.588,9.216,
00:00:02:350,0.238,0.825,0.479,-522.889,341.064,1.77,
00:00:02:366,0.204,1.155,0.568,-736.573,356.628,-22.706,
00:00:02:383,0.056,1.481,0.752,-557.251,486.267,-98.023,
00:00:02:400,0.141,1.586,1.111,-139.161,554.565,-83.13,
00:00:02:416,0.122,1.606,1.35,54.382,577.026,-31.128,
00:00:02:433,0.214,1.82,1.544,139.587,556.213,-11.231,
00:00:02:450,0.212,2.056,1.749,455.81,521.545,-11.414,
00:00:02:466,0.438,1.723,1.51,594.421,363.159,59.875,
00:00:02:483,0.871,1.743,1.054,115.234,348.571,462.28,
00:00:02:500,1.189,2.175,0.764,-264.283,304.077,892.151,
00:00:02:516,1.265,2.875,0.978,1667.724,-971.009,1999.694,
00:00:02:533,1.425,2.501,0.904,1848.388,-1309.144,1999.694,
00:00:02:550,1.424,2.235,0.776,1878.479,-1595.521,1999.694,
00:00:02:566,1.421,2.286,0.502,1790.527,-1838.013,1999.694,
00:00:02:583,1.501,2.387,0.162,1779.419,-2000,1999.694,
00:00:02:600,1.82,1.932,-0.542,1213.745,-2000,1999.694,
00:00:02:616,1.876,1.646,-0.76,1333.801,-1873.841,1999.694,
00:00:02:633,1.906,1.276,-0.969,1374.633,-1678.772,1999.694,
00:00:02:650,1.904,0.664,-1.053,1492.431,-1501.038,1999.694,
00:00:02:666,2.029,-0.296,-1.113,1559.57,-1407.715,1999.694,
00:00:02:683,2.642,-0.973,-1.338,646.423,-720.581,1999.694,
00:00:02:700,3.119,-1.495,-1.514,915.222,-278.748,1565.979,
00:00:02:716,2.937,-2.672,-1.468,268.554,199.829,159.057,
00:00:02:733,2.738,-2.47,-1.057,-551.331,600.647,-1045.96,
00:00:02:750,2.512,-1.928,-0.494,-684.327,1021.606,-2000,
00:00:02:766,2.486,-1.428,-0.199,-602.051,1299.377,-2000,
00:00:02:783,2.707,-0.836,-0.143,-681.275,1415.039,-2000,
00:00:02:800,2.915,-0.467,-0.222,-698.731,1327.942,-2000,
00:00:02:816,3.197,-0.102,-0.177,-964.051,1093.322,-2000,
00:00:02:833,3.588,-0.132,-0.306,-1760.804,628.967,-2000,
00:00:02:850,3.999,0.042,-0.792,-2000,-140.748,-2000,
00:00:02:866,3.999,1.085,-1.553,-2000,-1377.747,-2000,
00:00:02:883,3.999,3.912,-1.417,-2000,-2000,-2000,
00:00:02:900,3.999,3.999,-1.175,131.408,-1890.015,-2000,
00:00:02:916,3.999,2.653,-0.468,1269.226,-560.914,-2000,
00:00:02:933,3.999,2.376,0.458,1205.993,874.267,-2000,
00:00:02:950,3.999,3.099,1.485,129.089,1171.447,-2000,
00:00:02:966,3.999,3.458,0.204,-1468.567,424.926,-2000,
00:00:02:983,3.999,3.386,-0.807,-1991.272,-971.741,-2000,
00:00:03:0,3.493,3.654,-0.4,-1636.475,-1660.157,-2000,
00:00:03:16,1.779,3.491,0.82,-636.963,-1099.915,-1648.011,
00:00:03:33,1.706,3.255,0.128,50.72,-505.31,-1070.069,
00:00:03:50,1.198,2.78,0.279,375.122,-107.422,-342.53,
00:00:03:66,0.983,2.03,0.333,288.269,157.409,86.303,
00:00:03:83,0.917,1.495,0.313,-110.291,281.25,415.954,
00:00:03:100,0.86,1.268,0.232,-464.112,286.193,588.928,
00:00:03:116,0.772,1.045,0.111,-497.925,177.185,661.926,
00:00:03:133,0.667,0.845,0.111,-304.505,77.209,662.414,
00:00:03:150,0.685,0.549,0.094,20.507,-6.531,609.68,
00:00:03:166,0.723,0.317,0.14,272.766,-66.834,529.174,
00:00:03:183,0.842,0.335,0.159,408.752,-90.76,423.156,
00:00:03:200,0.924,0.305,0.193,493.896,-119.507,389.404,
00:00:03:216,0.898,0.246,0.223,490.417,-102.112,351.684,
00:00:03:233,0.906,0.157,0.252,391.052,-59.449,310.791,
00:00:03:250,0.896,0.074,0.254,232.483,-12.94,273.864,
00:00:03:266,0.889,0.058,0.238,115.051,33.63,221.801,
00:00:03:283,0.897,0.086,0.224,76.416,72.692,163.025,
00:00:03:300,0.893,0.117,0.198,107.483,98.571,122.375,
00:00:03:316,0.905,0.141,0.185,174.255,99.06,77.148,
00:00:03:333,0.878,0.181,0.199,274.353,98.449,40.588,
00:00:03:350,0.874,0.186,0.233,413.025,101.928,3.662,
00:00:03:366,0.862,0.175,0.27,503.723,109.863,-14.344,
00:00:03:383,0.897,0.209,0.289,545.898,119.201,-27.649,
00:00:03:400,0.917,0.222,0.277,570.068,117.859,-9.034,
00:00:03:416,0.902,0.235,0.251,561.035,112.487,24.841,
00:00:03:433,0.896,0.254,0.257,538.147,101.013,57.983,
00:00:03:450,0.881,0.265,0.303,519.165,81.054,93.75,
00:00:03:466,0.882,0.262,0.338,522.033,65.673,118.286,
00:00:03:483,0.937,0.256,0.351,509.582,54.626,147.583,
00:00:03:500,0.923,0.26,0.338,482.849,39.733,172.058,
00:00:03:516,0.94,0.272,0.323,427.002,20.446,187.988,
00:00:03:533,0.994,0.285,0.326,368.652,-3.052,188.232,
00:00:03:550,1.014,0.306,0.349,315.49,-28.565,210.51,
00:00:03:566,1.036,0.365,0.379,283.264,-40.162,249.389,
00:00:03:583,1.059,0.369,0.383,225.341,-50.232,283.02,
00:00:03:600,1.064,0.416,0.37,176.086,-70.252,340.21,
00:00:03:616,1.106,0.574,0.4,386.596,-145.569,412.353,
00:00:03:633,1.04,0.553,0.519,813.903,-250.672,556.396,
00:00:03:650,0.944,0.408,0.661,1106.201,-306.153,629.211,
00:00:03:666,0.933,0.226,0.74,1015.503,-372.01,720.398,
00:00:03:683,0.806,0.459,0.659,637.817,-321.717,859.497,
00:00:03:700,0.886,0.73,0.591,499.817,-335.328,1046.753,
00:00:03:716,0.808,0.957,0.51,603.759,-323.304,1154.113,
00:00:03:733,0.847,1,0.522,980.896,-419.495,1240.173,
00:00:03:750,0.787,0.868,0.571,1340.759,-458.619,1272.4,
00:00:03:766,0.611,0.521,0.665,1218.994,-450.074,1265.075,
00:00:03:783,0.592,0.447,0.761,872.253,-490.845,1239.074,
00:00:03:800,0.587,0.481,0.647,326.965,-400.757,1208.007,
00:00:03:816,0.59,0.541,0.571,38.94,-383.301,1178.1,
00:00:03:833,0.564,0.621,0.583,-3.357,-397.217,1173.034,
00:00:03:850,0.506,0.558,0.611,38.269,-403.687,1174.804,
00:00:03:866,0.473,0.527,0.623,69.824,-380.249,1164.306,
00:00:03:883,0.455,0.555,0.611,115.295,-344.727,1153.503,
00:00:03:900,0.445,0.536,0.548,133.484,-334.229,1132.995,
00:00:03:916,0.4,0.521,0.516,143.921,-351.807,1151.123,
00:00:03:933,0.349,0.512,0.512,123.84,-368.164,1153.625,
00:00:03:950,0.302,0.516,0.539,49.987,-360.047,1139.465,
00:00:03:966,0.266,0.51,0.541,-78.553,-332.337,1111.877,
00:00:03:983,0.237,0.534,0.541,-144.654,-291.26,1074.157,
00:00:04:0,0.213,0.544,0.54,-151.307,-250.855,1030.639,
00:00:04:16,0.195,0.608,0.556,-159.241,-213.746,998.535,
00:00:04:33,0.158,0.604,0.555,-178.528,-192.627,975.83,
00:00:04:50,0.12,0.642,0.556,-226.502,-171.936,948.364,
00:00:04:66,0.081,0.662,0.563,-289.063,-154.419,921.447,
00:00:04:83,0.046,0.702,0.579,-384.522,-117.188,881.469,
00:00:04:100,0.008,0.736,0.588,-439.637,-72.083,844.421,
00:00:04:116,-0.028,0.739,0.573,-440.796,-26.185,814.514,
00:00:04:133,-0.064,0.732,0.52,-442.017,39.794,812.133,
00:00:04:150,-0.084,0.744,0.47,-450.623,80.444,839.172,
00:00:04:166,-0.107,0.733,0.468,-411.622,102.966,862.243,
00:00:04:183,-0.161,0.717,0.484,-425.538,146.911,869.567,
00:00:04:200,-0.18,0.727,0.507,-510.498,207.885,847.595,
00:00:04:216,-0.194,0.791,0.52,-572.998,261.352,808.471,
00:00:04:233,-0.212,0.809,0.545,-523.072,310.608,759.765,
00:00:04:250,-0.202,0.861,0.567,-375.306,357.238,714.904,
00:00:04:266,-0.182,0.862,0.511,-191.834,362.121,662.536,
00:00:04:283,-0.172,0.8,0.466,17.578,323.669,651.123,
00:00:04:300,-0.176,0.761,0.471,178.772,279.174,646.728,
00:00:04:316,-0.187,0.653,0.488,209.045,227.539,601.379,
00:00:04:333,-0.215,0.545,0.543,85.754,186.645,546.325,
00:00:04:350,-0.221,0.516,0.648,-94.239,183.288,488.403,
00:00:04:366,-0.213,0.588,0.658,-286.499,152.771,436.34,
00:00:04:383,-0.256,0.721,0.717,-281.983,119.506,342.041,
00:00:04:400,-0.248,0.759,0.72,-104.859,91.125,269.104,
00:00:04:416,-0.294,0.664,0.703,90.942,54.077,207.641,
00:00:04:433,-0.297,0.606,0.688,98.877,23.62,154.724,
00:00:04:450,-0.276,0.586,0.656,17.334,4.333,100.219,
00:00:04:466,-0.265,0.562,0.636,-141.419,-34.974,68.115,
00:00:04:483,-0.251,0.536,0.582,-354.126,-77.576,31.25,
00:00:04:500,-0.258,0.622,0.542,-511.292,-111.573,2.197,
00:00:04:516,-0.281,0.731,0.559,-450.745,-116.883,-23.743,
00:00:04:533,-0.277,0.794,0.582,-280.274,-120.85,-29.236,
00:00:04:550,-0.275,0.784,0.585,-103.333,-122.376,-59.388,
00:00:04:566,-0.285,0.771,0.556,-71.473,-139.1,-110.84,
00:00:04:583,-0.296,0.676,0.528,-67.627,-123.23,-165.589,
00:00:04:600,-0.269,0.589,0.49,-169.19,-103.394,-162.659,
00:00:04:616,-0.181,0.609,0.484,-427.552,-159.485,-114.563,
00:00:04:633,-0.256,0.746,0.537,-798.279,-283.081,-268.738,
00:00:04:650,-0.293,0.727,0.552,-655.152,-213.501,-290.101,
00:00:04:666,-0.155,0.527,0.616,-717.408,-248.902,-265.564,
00:00:04:683,-0.339,0.698,0.578,-941.224,-309.998,-322.754,
00:00:04:700,-0.342,0.837,0.446,-924.683,-287.171,-379.212,
00:00:04:716,-0.344,0.778,0.323,-637.207,-297.608,-395.813,
00:00:04:733,-0.358,0.856,0.236,-481.873,-289.612,-330.323,
00:00:04:750,-0.33,0.878,0.223,-281.434,-330.018,-328.064,
00:00:04:766,-0.402,0.84,0.237,-93.262,-363.953,-296.753,
00:00:04:783,-0.343,0.9,0.265,49.438,-363.404,-191.712,
00:00:04:800,-0.429,0.949,0.239,173.462,-367.31,-223.267,
00:00:04:816,-0.45,0.84,0.238,271.057,-386.17,-231.507,
00:00:04:833,-0.45,0.908,0.282,293.64,-409.363,-189.087,
00:00:04:850,-0.447,0.903,0.302,308.532,-412.659,-265.137,
00:00:04:866,-0.385,0.953,0.302,368.469,-370.179,-220.215,
00:00:04:883,-0.379,0.948,0.286,419.922,-335.083,-219.422,
00:00:04:900,-0.323,1.032,0.282,539.489,-243.226,-163.758,
00:00:04:916,-0.313,1.046,0.269,705.139,-162.903,-115.052,
00:00:04:933,-0.266,0.997,0.332,730.407,-96.924,-68.787,
00:00:04:950,-0.231,0.976,0.342,820.312,-26.368,-87.464,
00:00:04:966,-0.25,0.883,0.371,941.467,41.87,-48.89,
00:00:04:983,-0.252,0.778,0.39,859.619,106.14,-80.201,
00:00:05:0,-0.26,0.783,0.378,694.458,146.484,-120.057,
00:00:05:16,-0.286,0.769,0.348,593.75,173.462,-172.12,
00:00:05:33,-0.297,0.798,0.337,504.638,199.829,-198.304,
00:00:05:50,-0.278,0.88,0.333,500.732,219.848,-205.323,
00:00:05:66,-0.258,0.96,0.352,602.966,212.768,-163.269,
00:00:05:83,-0.271,0.979,0.396,719.055,206.726,-122.864,
00:00:05:100,-0.271,0.981,0.447,800.537,201.721,-62.989,
00:00:05:116,-0.27,0.9,0.482,782.409,199.829,-21.119,
00:00:05:133,-0.258,0.819,0.519,711.12,188.354,16.113,
00:00:05:150,-0.256,0.771,0.553,614.013,179.016,61.584,
00:00:05:166,-0.247,0.738,0.582,507.69,156.433,91.98,
00:00:05:183,-0.245,0.752,0.63,424.072,115.539,102.111,
00:00:05:200,-0.25,0.763,0.681,429.992,77.148,111.084,
00:00:05:216,-0.253,0.721,0.71,504.943,46.386,111.694,
00:00:05:233,-0.247,0.65,0.748,516.54,7.751,88.012,
00:00:05:250,-0.251,0.588,0.78,457.885,-12.696,64.819,
00:00:05:266,-0.262,0.553,0.781,386.901,-7.569,47.912,
00:00:05:283,-0.262,0.536,0.767,310.547,5.981,39.062,
00:00:05:300,-0.268,0.522,0.749,273.071,27.771,30.456,
00:00:05:316,-0.25,0.531,0.725,240.234,36.743,32.104,
00:00:05:333,-0.276,0.552,0.745,243.469,50.476,39.917,
00:00:05:350,-0.279,0.521,0.736,295.227,70.922,23.986,
00:00:05:366,-0.262,0.528,0.765,327.514,77.453,41.259,
00:00:05:383,-0.278,0.515,0.79,365.722,82.946,37.719,
00:00:05:400,-0.255,0.518,0.8,420.044,73.547,47.302,
00:00:05:416,-0.258,0.421,0.832,428.344,45.593,44.433,
00:00:05:433,-0.279,0.415,0.855,369.69,50.476,53.649,
00:00:05:450,-0.276,0.41,0.842,325.195,62.866,55.908,
00:00:05:466,-0.288,0.466,0.83,339.904,55.542,41.442,
00:00:05:483,-0.265,0.376,0.875,357.91,54.138,40.588,
00:00:05:500,-0.288,0.346,0.903,303.283,75.439,68.908,
00:00:05:516,-0.308,0.372,0.906,235.351,129.211,74.89,
00:00:05:533,-0.279,0.397,0.894,210.205,163.391,56.884,
00:00:05:550,-0.249,0.424,0.883,243.713,171.997,37.78,
00:00:05:566,-0.254,0.477,0.846,385.742,193.481,21.728,
00:00:05:583,-0.212,0.371,0.849,499.755,179.809,15.747,
00:00:05:600,-0.215,0.276,0.884,475.219,141.601,25.695,
00:00:05:616,-0.237,0.291,0.909,333.557,138.488,8.972,
00:00:05:633,-0.212,0.308,0.898,239.746,158.752,-8.973,
00:00:05:650,-0.184,0.371,0.913,223.449,127.197,7.568,
00:00:05:666,-0.178,0.356,0.982,260.254,77.331,9.277,
00:00:05:683,-0.21,0.358,0.993,244.629,52.856,41.626,
00:00:05:700,-0.219,0.349,0.969,172.79,42.419,70.007,
00:00:05:716,-0.226,0.365,0.967,98.755,-0.916,56.152,
00:00:05:733,-0.231,0.342,0.984,79.65,-25.696,68.115,
00:00:05:750,-0.26,0.335,0.987,76.965,-29.969,85.266,
00:00:05:766,-0.262,0.302,0.954,70.617,-22.156,88.562,
00:00:05:783,-0.26,0.288,0.923,60.669,-28.809,84.289,
00:00:05:800,-0.263,0.286,0.925,82.885,-28.992,86.731,
00:00:05:816,-0.269,0.273,0.923,120.3,-31.373,79.834,
00:00:05:833,-0.274,0.241,0.94,131.042,-36.011,74.523,
00:00:05:850,-0.278,0.233,0.946,131.958,-24.781,65.124,
00:00:05:866,-0.265,0.244,0.944,103.454,-9.339,63.293,
00:00:05:883,-0.258,0.28,0.939,143.127,-19.349,66.345,
00:00:05:900,-0.242,0.247,0.966,184.326,-33.265,75.195,
00:00:05:916,-0.257,0.256,1.001,192.749,-68.421,74.462,
00:00:05:933,-0.261,0.24,0.997,183.166,-81.055,82.519,
00:00:05:950,-0.28,0.215,0.967,160.156,-94.483,83.74,
00:00:05:966,-0.293,0.218,0.934,155.578,-97.657,88.623,
00:00:05:983,-0.306,0.193,0.94,136.84,-90.821,96.923,
00:00:06:0,-0.318,0.201,0.945,137.207,-75.013,106.994,
00:00:06:16,-0.324,0.176,0.942,115.539,-57.129,117.736,
00:00:06:33,-0.335,0.185,0.95,95.336,-50.354,124.939,
00:00:06:50,-0.336,0.182,0.932,109.253,-41.504,129.15,
00:00:06:66,-0.327,0.179,0.948,105.835,-39.368,144.043,
00:00:06:83,-0.333,0.176,0.959,120.971,-37.293,145.691,
00:00:06:100,-0.32,0.18,0.967,145.324,-28.809,156.128,
00:00:06:116,-0.312,0.145,1.004,140.686,-30.945,160.278,
00:00:06:133,-0.328,0.136,0.992,94.482,-24.72,160.705,
00:00:06:150,-0.308,0.15,0.991,67.199,-24.537,158.874,
00:00:06:166,-0.307,0.14,1,58.105,-33.143,154.174,
00:00:06:183,-0.321,0.104,0.98,38.33,-23.377,147.033,
00:00:06:200,-0.313,0.06,0.942,-10.01,-15.625,128.845,
00:00:06:216,-0.326,0.064,0.924,-64.393,-10.315,123.535,cutRH
00:00:06:233,-0.332,0.079,0.922,-102.173,5.615,120.727,
00:00:06:250,-0.298,0.086,0.892,-113.404,34.423,86.364,
00:00:06:266,-0.288,0.074,0.88,-141.785,43.029,79.101,
00:00:06:283,-0.235,0.061,0.856,-127.808,56.457,35.522,
00:00:06:300,-0.225,0.036,0.837,-219.056,31.616,23.925,
00:00:06:316,-0.252,0.204,0.834,-279.053,80.627,12.268,
00:00:06:333,-0.187,0.166,0.758,-237.183,202.514,14.404,
00:00:06:350,-0.159,0.159,0.68,-237.732,184.326,6.774,
00:00:06:366,-0.173,0.204,0.744,-184.021,229.37,-13.062,
00:00:06:383,-0.178,0.154,0.779,-183.045,265.319,-28.992,
00:00:06:400,-0.099,0.233,0.824,-179.505,284.057,-26.062,
00:00:06:416,-0.08,0.342,0.795,-45.166,294.616,-50.721,
00:00:06:433,-0.032,0.347,0.85,90.332,260.254,-71.595,
00:00:06:450,-0.122,0.364,0.915,101.379,233.886,-61.646,
00:00:06:466,-0.125,0.286,0.837,143.005,241.76,-49.195,
00:00:06:483,-0.179,0.222,0.906,187.439,207.397,-67.933,
00:00:06:500,-0.224,0.203,0.97,226.684,192.077,-75.44,
00:00:06:516,-0.285,0.1,1,232.177,161.56,-78.492,
00:00:06:533,-0.275,0.131,1.048,241.15,173.889,-35.462,
00:00:06:550,-0.395,0.123,1.096,253.784,87.158,-15.931,
00:00:06:566,-0.417,-0.039,1.122,205.444,131.958,-11.841,
00:00:06:583,-0.313,0.015,1.078,110.962,121.093,-23.926,
00:00:06:600,0.001,0.181,1.138,65.795,196.533,2.563,
00:00:06:616,-0.014,0.628,1.366,165.283,39.733,63.659,
00:00:06:633,-0.34,0.039,1.059,229.37,37.597,5.371,
00:00:06:650,-0.121,0.095,0.867,194.641,62.683,17.211,
00:00:06:666,-0.124,0.075,0.833,245.3,80.688,-6.348,
00:00:06:683,-0.156,0.13,0.981,359.68,46.386,-15.442,
00:00:06:700,-0.158,0.162,1.022,416.32,86.731,17.15,
00:00:06:716,-0.126,0.195,1.018,452.27,74.035,66.711,
00:00:06:733,-0.146,0.057,1.15,467.102,95.764,105.407,
00:00:06:750,-0.147,-0.003,1.003,457.031,73.303,84.594,
00:00:06:766,-0.038,-0.027,1.078,401.855,104.431,101.135,
00:00:06:783,-0.098,-0.158,1.136,371.154,86.12,74.829,
00:00:06:800,-0.004,-0.135,1.173,241.821,89.294,52.795,
00:00:06:816,-0.067,-0.21,1.179,130.554,66.101,3.723,
00:00:06:833,-0.002,-0.101,1.1,-18.25,60.119,-25.025,
00:00:06:850,-0.006,-0.011,1.021,-25.635,46.02,-32.837,
00:00:06:866,0.059,0.103,1.067,60.363,43.945,-20.264,
00:00:06:883,0.111,0.058,1.144,50.048,21.911,1.037,
00:00:06:900,0.083,0.148,1.099,-87.098,6.408,27.71,
00:00:06:916,-0.003,0.125,1.039,-65.186,-13.977,42.907,
00:00:06:933,-0.035,0.013,0.982,-56.458,-14.832,40.527,
00:00:06:950,-0.105,-0.012,0.892,-103.211,-22.461,23.925,
00:00:06:966,-0.166,-0.015,0.893,-105.225,-18.433,14.099,
00:00:06:983,-0.154,0.007,0.937,-80.994,39.184,10.681,
00:00:07:0,-0.112,0.039,1.009,-51.148,37.17,8.667,
00:00:07:16,-0.13,0.001,1.051,-39.978,4.699,2.685,
00:00:07:33,-0.163,-0.033,1.059,-69.214,-12.696,0.915,
00:00:07:50,-0.178,-0.075,1.041,-80.445,-16.236,-7.752,
00:00:07:66,-0.199,-0.096,1.036,-65.186,-23.499,-24.414,
00:00:07:83,-0.199,-0.122,1.037,-66.956,-42.603,-33.631,
00:00:07:100,-0.244,-0.131,1.03,-66.712,-79.834,-52.796,
00:00:07:116,-0.27,-0.141,1.036,-54.688,-73.731,-52.796,
00:00:07:133,-0.229,-0.172,1.027,-67.444,-77.576,-83.13,
00:00:07:150,-0.186,-0.13,1.021,-129.212,-105.53,-87.83,
00:00:07:166,-0.206,-0.099,1.046,-173.829,-162.476,-133.057,
00:00:07:183,-0.203,-0.083,1.049,-279.358,-155.457,-138.123,
00:00:07:200,-0.196,0.06,0.998,-423.645,-157.837,-127.259,
00:00:07:216,-0.187,0.417,0.819,-353.15,-165.406,-55.542,
00:00:07:233,-0.198,0.41,0.857,-88.562,-267.212,-40.833,
00:00:07:250,-0.285,0.269,0.875,91.552,-333.558,-49.317,
00:00:07:266,-0.334,0.14,0.895,118.469,-312.012,-49.073,
00:00:07:283,-0.354,0.1,0.87,61.767,-272.4,-31.067,
00:00:07:300,-0.373,0.078,0.812,3.784,-222.84,-20.813,
00:00:07:316,-0.369,0.082,0.758,-27.1,-157.044,-11.353,
00:00:07:333,-0.359,0.085,0.748,-4.7,-91.431,-4.761,
00:00:07:350,-0.346,0.059,0.77,46.936,-38.636,-2.625,
00:00:07:366,-0.333,0.005,0.824,72.937,13.183,-10.254,
00:00:07:383,-0.318,-0.021,0.891,59.265,67.077,-22.767,
00:00:07:400,-0.284,0,0.966,29.968,105.102,-33.387,
00:00:07:416,-0.248,0.037,0.975,9.399,124.633,-39.795,
00:00:07:433,-0.225,0.069,1,21.911,122.192,-44.739,
00:00:07:450,-0.213,0.075,1.018,48.278,100.219,-47.364,
00:00:07:466,-0.213,0.067,1.043,70.007,73.547,-49.256,
00:00:07:483,-0.209,0.032,1.077,79.528,55.481,-47.425,
00:00:07:500,-0.199,0.062,1.087,54.382,38.086,-41.382,
00:00:07:516,-0.198,0.082,1.068,35.339,22.216,-44.556,
00:00:07:533,-0.194,0.083,1.04,36.56,10.498,-42.908,
00:00:07:550,-0.204,0.077,1.024,44.372,8.606,-42.847,
00:00:07:566,-0.204,0.059,1.01,46.752,14.953,-40.833,
00:00:07:583,-0.204,0.046,0.996,31.982,28.869,-37.476,
00:00:07:600,-0.202,0.044,0.987,3.723,37.841,-36.377,
00:00:07:616,-0.202,0.07,0.967,-17.884,42.236,-35.035,
00:00:07:633,-0.207,0.114,0.967,-5.372,44.433,-37.049,
00:00:07:650,-0.204,0.123,0.947,40.344,48.156,-32.959,
00:00:07:666,-0.212,0.092,0.961,64.941,42.724,-30.701,
00:00:07:683,-0.22,0.061,0.974,49.255,44.738,-26.429,
00:00:07:700,-0.226,0.037,0.979,-5.555,49.987,-25.147,
00:00:07:716,-0.232,0.035,0.982,-77.332,50.415,-23.011,
00:00:07:733,-0.231,0.071,0.991,-126.16,52.124,-17.273,
00:00:07:750,-0.221,0.138,0.964,-101.868,55.664,-9.034,
00:00:07:766,-0.221,0.161,0.957,-17.823,40.71,-0.367,
00:00:07:783,-0.231,0.102,0.963,34.912,31.738,6.408,
00:00:07:800,-0.218,0.062,0.952,33.447,43.579,11.596,
00:00:07:816,-0.193,0.065,1.02,12.085,18.493,17.15,
00:00:07:833,-0.209,0.08,1.031,4.15,30.639,16.54,
00:00:07:850,-0.191,0.086,1.029,11.596,11.779,20.019,
00:00:07:866,-0.201,0.072,1.024,20.996,-4.09,20.385,
00:00:07:883,-0.194,0.074,1.028,11.108,-2.808,20.752,
00:00:07:900,-0.191,0.088,1.014,5.798,-12.146,19.409,
00:00:07:916,-0.203,0.089,1.004,4.516,-11.109,26.672,
00:00:07:933,-0.197,0.083,0.987,14.526,-4.212,24.78,
00:00:07:950,-0.2,0.054,0.992,12.146,-4.578,23.62,
00:00:07:966,-0.206,0.065,0.971,-19.471,5.493,21.972,
00:00:07:983,-0.198,0.092,0.953,-11.231,15.014,22.033,
00:00:08:0,-0.2,0.08,0.944,12.023,11.108,22.461,
00:00:08:16,-0.218,0.066,0.951,1.831,16.296,22.949,
00:00:08:33,-0.221,0.088,0.951,-8.728,28.808,26.855,
00:00:08:50,-0.219,0.093,0.944,8.789,35.217,21.423,
00:00:08:66,-0.227,0.055,0.94,8.728,31.494,24.475,
00:00:08:83,-0.237,0.041,0.947,-13.489,28.259,24.047,
00:00:08:100,-0.245,0.057,0.966,-31.311,27.71,20.752,
00:00:08:116,-0.25,0.07,0.967,-29.664,33.264,15.502,
00:00:08:133,-0.242,0.069,0.968,-28.748,28.991,11.352,
00:00:08:150,-0.256,0.064,0.974,-41.687,20.202,10.864,
00:00:08:166,-0.266,0.073,0.986,-68.726,20.202,13.427,
00:00:08:183,-0.268,0.072,0.998,-119.568,19.226,18.92,
00:00:08:200,-0.262,0.083,0.996,-168.702,17.639,21.789,
00:00:08:216,-0.276,0.105,0.983,-193.482,-14.71,22.888,cutRH
00:00:08:233,-0.3,0.081,0.962,-200.989,-8.057,17.334,
00:00:08:250,-0.33,0.044,0.946,-252.991,-21.485,12.451,
00:00:08:266,-0.361,0.099,0.934,-302.613,-18.25,0.854,
00:00:08:283,-0.357,0.081,0.914,-309.876,-14.039,-2.747,
00:00:08:300,-0.356,0.03,0.87,-338.685,-10.682,-16.541,
00:00:08:316,-0.315,0.015,0.824,-399.476,-6.531,-56.946,
00:00:08:333,-0.261,0.156,0.796,-346.497,13.366,-93.934,
00:00:08:350,-0.168,0.168,0.791,-223.816,45.044,-123.841,
00:00:08:366,-0.073,0.2,0.831,-159.241,52.856,-155.823,
00:00:08:383,0.003,0.261,0.88,-147.583,8.667,-193.482,
00:00:08:400,0.009,0.332,0.933,-87.647,6.836,-207.703,
00:00:08:416,0.012,0.371,0.966,-9.156,31.86,-202.82,
00:00:08:433,0.047,0.391,1.007,66.101,74.89,-168.396,
00:00:08:450,0.062,0.414,1.035,91.735,26.672,-134.522,
00:00:08:466,0.051,0.414,1.112,150.329,33.874,-86.121,
00:00:08:483,0.039,0.438,1.146,262.146,48.156,-45.289,
00:00:08:500,0.017,0.332,1.139,383.606,76.538,-14.527,
00:00:08:516,-0.04,0.222,1.144,401.794,61.95,16.174,
00:00:08:533,-0.106,0.154,1.175,388.549,61.645,43.579,
00:00:08:550,-0.116,0.133,1.195,319.458,33.752,54.443,
00:00:08:566,-0.122,0.079,1.208,223.388,-8.545,59.143,
00:00:08:583,-0.118,0.103,1.115,4.394,-44.8,80.81,
00:00:08:600,-0.22,0.204,0.953,-105.286,-85.144,75.988,
00:00:08:616,-0.258,0.221,0.806,-59.021,-84.473,65.002,
00:00:08:633,-0.32,0.204,0.714,4.333,-87.891,52.551,
00:00:08:650,-0.389,0.145,0.666,109.008,-78.919,44.006,
00:00:08:666,-0.463,0.071,0.633,195.495,-54.566,23.193,
00:00:08:683,-0.541,-0.049,0.569,260.315,-22.889,-10.743,
00:00:08:700,-0.524,-0.055,0.632,242.248,5.737,-42.054,
00:00:08:716,-0.468,0.034,0.804,227.356,54.748,-42.054,
00:00:08:733,-0.406,0.106,0.825,265.747,92.651,-36.927,
00:00:08:750,-0.421,0.027,0.842,317.199,87.036,-39.124,
00:00:08:766,-0.424,-0.033,0.845,303.772,143.31,-42.481,
00:00:08:783,-0.344,-0.027,0.885,247.314,175.232,-56.458,
00:00:08:800,-0.245,0.004,0.96,253.418,208.862,-71.961,
00:00:08:816,-0.131,0.03,1.019,267.212,226.745,-85.022,
00:00:08:833,-0.007,0.072,1.125,259.399,224.67,-87.708,
00:00:08:850,0.093,0.197,1.158,296.63,241.15,-76.539,
00:00:08:866,0.189,0.12,1.215,353.881,189.331,-45.533,
00:00:08:883,0.235,0.107,1.38,282.287,135.681,5.615,
00:00:08:900,0.279,0.128,1.347,227.539,84.106,39.367,
00:00:08:916,0.116,-0.12,1.164,265.136,55.786,33.081,
00:00:08:933,0.044,-0.282,1.049,155.517,59.082,2.197,
00:00:08:950,0.037,-0.186,1.054,-12.879,94.299,-14.1,
00:00:08:966,0.077,-0.025,1.032,-95.337,93.444,-27.161,
00:00:08:983,0.028,0.083,1.041,-129.639,78.735,-14.283,
00:00:09:0,-0.021,0.104,1.028,-102.539,57.251,2.319,
00:00:09:16,-0.092,0.076,1.015,-87.281,36.132,11.718,
00:00:09:33,-0.142,0.038,0.989,-84.534,33.752,22.094,
00:00:09:50,-0.142,0.038,0.997,-54.322,39.794,30.578,
00:00:09:66,-0.146,0.007,1.011,-33.631,33.386,36.254,
00:00:09:83,-0.151,0.015,1.129,-21.241,-0.367,51.574,
00:00:09:100,-0.154,-0.06,1.011,-56.214,39.184,52.307,
00:00:09:116,-0.122,-0.007,1.005,-108.033,-12.574,60.058,
00:00:09:133,-0.182,-0.051,1.027,-84.656,-3.174,60.485,
00:00:09:150,-0.175,-0.062,0.998,-31.495,20.935,55.419,
00:00:09:166,-0.207,-0.141,1.008,17.395,3.845,44.982,
00:00:09:183,-0.238,-0.181,1.031,23.986,-32.227,9.399,
00:00:09:200,-0.289,-0.214,1.057,1.709,-8.179,-12.513,
00:00:09:216,-0.221,-0.161,1.048,-29.053,-32.227,-40.284,
00:00:09:233,-0.242,-0.148,1.095,-76.6,-54.383,-69.886,
00:00:09:250,-0.195,-0.092,1.061,-137.818,-77.576,-92.347,
00:00:09:266,-0.208,-0.034,1.035,-175.232,-122.071,-124.146,
00:00:09:283,-0.216,0.026,1.003,-195.191,-134.461,-128.907,
00:00:09:300,-0.199,0.042,0.957,-203.675,-143.128,-132.63,
00:00:09:316,-0.21,0.074,0.942,-265.381,-145.813,-130.738,
00:00:09:333,-0.207,0.135,0.861,-288.636,-115.479,-118.287,
00:00:09:350,-0.153,0.216,0.867,-192.933,-129.639,-88.929,
00:00:09:366,-0.223,0.221,0.877,-125.855,-162.537,-71.473,
00:00:09:383,-0.228,0.206,0.872,-79.773,-124.268,-37.476,
00:00:09:400,-0.217,0.171,0.87,-47.486,-127.93,-13.367,
00:00:09:416,-0.245,0.249,0.864,36.987,-129.578,-0.977,
00:00:09:433,-0.24,0.078,0.973,130.981,-164.734,12.268,
00:00:09:450,-0.299,0.017,0.978,88.012,-136.658,-1.648,
00:00:09:466,-0.261,0.006,0.944,18.859,-100.159,0.976,
00:00:09:483,-0.265,0.019,0.911,-5.127,-93.262,-1.709,
00:00:09:500,-0.279,0.02,0.889,-9.522,-76.477,-5.188,
00:00:09:516,-0.279,0.03,0.884,23.742,-58.228,-12.085,
00:00:09:533,-0.271,0.018,0.897,69.091,-43.213,-21.058,
00:00:09:550,-0.27,0.002,0.942,99.426,-26.612,-28.87,
00:00:09:566,-0.26,-0.018,0.972,85.876,-10.498,-35.889,
00:00:09:583,-0.236,0.004,0.994,49.072,6.164,-39.856,
00:00:09:600,-0.212,0.055,0.989,38.635,10.925,-44.068,
00:00:09:616,-0.195,0.06,0.984,61.645,12.146,-49.256,
00:00:09:633,-0.185,0.055,0.988,61.218,14.587,-52.979,
00:00:09:650,-0.189,0.046,0.989,51.025,16.906,-51.514,
00:00:09:666,-0.193,0.035,0.998,35.827,23.01,-45.35,
00:00:09:683,-0.185,0.037,1.021,6.652,35.156,-34.79,
00:00:09:700,-0.179,0.072,1.032,-14.344,40.527,-26.612,
00:00:09:716,-0.17,0.128,1.023,4.211,27.893,-19.165,
00:00:09:733,-0.166,0.063,1.052,50.476,1.953,-12.33,
00:00:09:750,-0.19,0.049,1.044,32.592,0.244,-14.222,
00:00:09:766,-0.165,0.073,1.026,23.803,-7.019,-8.728,
00:00:09:783,-0.184,0.071,1.022,40.344,-18.555,-4.09,
00:00:09:800,-0.183,0.061,1.017,34.79,-17.334,0.183,
00:00:09:816,-0.196,0.055,1.01,28.991,-18.799,3.845,
00:00:09:833,-0.205,0.041,0.985,5.31,-5.005,7.69,
00:00:09:850,-0.212,0.025,0.98,0,-1.526,5.615,
00:00:09:866,-0.222,0.024,0.975,-27.894,1.281,1.648,
00:00:09:883,-0.23,0.048,0.944,-40.039,17.089,0.061,
00:00:09:900,-0.216,0.063,0.932,-18.006,21.789,9.094,
00:00:09:916,-0.247,0.04,0.961,15.808,8.789,21.606,
00:00:09:933,-0.255,0.034,0.958,-6.836,15.38,25.817,
00:00:09:950,-0.26,0.026,0.957,-25.452,16.418,26.062,
00:00:09:966,-0.256,0.044,0.96,-26.551,24.231,28.808,
00:00:09:983,-0.25,0.047,0.964,4.15,21.423,28.564,
00:00:10:0,-0.291,0.011,0.977,-42.725,23.742,38.024,
00:00:10:16,-0.306,-0.01,1.009,-122.132,28.747,40.71,
00:00:10:33,-0.309,-0.02,1.045,-224.549,37.414,47.607,
00:00:10:50,-0.31,0.005,1.07,-333.374,32.775,46.875,
00:00:10:66,-0.32,0.031,1.078,-422.425,22.033,40.893,
00:00:10:83,-0.336,0.118,1.022,-557.435,-0.794,3.845,
00:00:10:100,-0.337,0.115,0.964,-474.793,-21.18,-7.325,
00:00:10:116,-0.36,0.068,0.884,-466.736,-21.485,-22.644,
00:00:10:133,-0.317,0.096,0.802,-499.756,14.465,-33.753,
00:00:10:150,-0.264,0.16,0.704,-494.996,42.968,-54.993,
00:00:10:166,-0.015,0.411,0.651,-106.324,252.258,-63.538,
00:00:10:183,0.032,0.407,0.709,28.137,271.484,-63.66,
00:00:10:200,0.076,0.415,0.772,137.085,300.659,-53.284,
00:00:10:216,0.17,0.688,0.789,248.169,326.904,-9.766,
00:00:10:233,0.256,0.417,1.225,322.815,192.871,-18.25,cutRH
00:00:10:250,0.149,0.399,1.222,497.558,119.14,-51.453,
00:00:10:266,0.117,0.131,1.125,473.388,69.58,-68.665,
00:00:10:283,0.018,0.114,1,334.35,8.789,-92.469,
00:00:10:300,0.002,0.097,0.939,230.651,4.15,-109.314,
00:00:10:316,-0.006,0.202,0.972,141.357,2.441,-112,
00:00:10:333,-0.012,0.252,0.986,178.344,12.634,-103.76,
00:00:10:350,-0.2,0.04,1.033,123.84,13.61,-33.081,
00:00:10:366,-0.252,0,1.065,51.025,15.319,-33.57,
00:00:10:383,-0.272,-0.023,1.069,50.598,18.493,-54.078,
00:00:10:400,-0.266,-0.003,1.056,29.846,14.709,-69.275,
00:00:10:416,-0.243,0.049,1.058,8.178,24.475,-67.322,
00:00:10:433,-0.088,0.206,1.093,25.146,24.78,-34.729,
00:00:10:450,-0.093,0.264,1.105,23.742,-5.127,15.686,
00:00:10:466,-0.093,0.218,0.976,52.856,-0.306,62.133,
00:00:10:483,-0.177,0.046,0.94,110.351,-1.282,74.096,
00:00:10:500,-3.892,1.12,-0.904,-1128.487,1579.575,13508.704,
00:00:10:516,-0.314,-0.223,0.944,197.021,40.649,-66.346,
00:00:10:533,-0.299,-0.199,0.984,171.142,65.368,-121.827,
00:00:10:550,-0.304,-0.124,1.03,155.883,79.406,-173.401,
00:00:10:566,-0.221,-0.047,1.036,54.199,55.481,-189.209,
00:00:10:583,-0.242,0.004,1.024,12.085,22.399,-193.604,
00:00:10:600,-0.177,0.128,0.987,35.217,-29.419,-189.881,
00:00:10:616,-0.131,0.182,1.004,49.011,-36.133,-154.969,
00:00:10:633,-0.11,0.193,1.032,50.415,-43.885,-112.61,
00:00:10:650,-0.118,0.156,1.042,33.508,-47.12,-64.393,
00:00:10:666,-0.11,0.128,1.045,3.295,-41.626,-56.214,
00:00:10:683,-0.093,0.093,1.046,-19.593,-44.861,-42.298,
00:00:10:700,-0.11,0.073,1.049,-26.673,-52.857,-36.683,
00:00:10:716,-0.118,0.046,1.043,-34.974,-47.364,-40.406,
00:00:10:733,-0.11,0.047,1.023,-33.753,-48.157,-52.857,
00:00:10:750,-0.114,0.054,0.998,-35.157,-51.27,-56.519,
00:00:10:766,-0.106,0.088,1.023,13,-71.839,-57.74,
00:00:10:783,-0.135,0.072,1.034,37.231,-93.506,-59.205,
00:00:10:800,-0.144,0.073,1.07,46.508,-108.521,-55.054,
00:00:10:816,-0.178,0.053,1.034,18.249,-102.051,-45.411,
00:00:10:833,-0.168,0.058,0.987,-27.405,-91.98,-29.419,
00:00:10:850,-0.178,0.106,0.971,-29.114,-96.802,-17.334,
00:00:10:866,-0.167,0.139,0.974,47.241,-110.657,-1.709,
00:00:10:883,-0.196,0.084,1.037,101.745,-139.527,2.685,
00:00:10:900,-0.205,0.033,1.031,76.294,-133.667,9.765,
00:00:10:916,-0.203,0.058,1.005,18.005,-130.86,17.639,
00:00:10:933,-0.2,0.086,0.986,12.634,-128.907,26.428,
00:00:10:950,-0.211,0.074,0.973,24.536,-126.831,29.541,
00:00:10:966,-0.212,0.052,0.962,26.733,-115.601,35.888,
00:00:10:983,-0.203,0.066,0.95,31.738,-98.877,45.166,
00:00:11:0,-0.206,0.044,0.955,25.756,-82.093,49.133,
00:00:11:16,-0.199,0.03,0.949,2.136,-61.646,50.659,
00:00:11:33,-0.2,0.062,0.933,-13.062,-36.56,48.4,
00:00:11:50,-0.192,0.049,0.927,-11.719,-14.832,49.743,
00:00:11:66,-0.187,0.039,0.952,4.455,2.502,44.677,
00:00:11:83,-0.183,0.033,0.961,5.249,14.587,42.846,
00:00:11:100,-0.186,0.041,0.975,-3.296,25.756,40.161,
00:00:11:116,-0.178,0.046,0.974,-12.635,38.086,35.583,
00:00:11:133,-0.182,0.038,0.979,-26.368,47.18,30.517,
00:00:11:150,-0.173,0.03,0.991,-47.974,58.715,27.16,
00:00:11:166,-0.173,0.073,0.918,-60.73,63.537,27.343,
00:00:11:183,-0.122,0.127,1.019,44.921,-1.038,10.131,
00:00:11:200,-0.219,0.045,1.052,67.077,-46.631,1.403,
00:00:11:216,-0.208,0.042,1.026,8.728,-24.353,-4.578,
00:00:11:233,-0.188,0.087,1.007,1.403,-49.866,-2.442,cutRH
00:00:11:250,-0.208,0.078,1,21.24,-61.036,-5.249,
00:00:11:266,-0.205,0.09,0.968,29.113,-51.88,4.028,
00:00:11:283,-0.2,0.084,0.987,42.724,-67.261,19.104,
00:00:11:300,-0.224,0.069,0.999,42.602,-67.933,25.94,
00:00:11:316,-0.235,0.053,0.994,19.714,-59.205,37.841,
00:00:11:333,-0.255,0.032,0.97,-7.386,-45.716,48.828,
00:00:11:350,-0.267,0.032,0.93,-36.194,-27.222,49.133,
00:00:11:366,-0.265,0.02,0.893,-41.748,-1.831,59.021,
00:00:11:383,-0.274,0.031,0.888,-34.729,11.474,58.349,
00:00:11:400,-0.287,0.04,0.895,7.507,30.639,49.682,
00:00:11:416,-0.282,-0.028,0.908,40.222,51.269,35.034,
00:00:11:433,-0.285,-0.042,0.915,29.052,78.552,16.784,
00:00:11:450,-0.237,0.039,0.893,37.109,112.365,9.948,
00:00:11:466,-0.24,0.05,1.035,90.332,39.794,2.075,
00:00:11:483,-0.263,-0.006,1.063,60.302,40.649,-5.616,
00:00:11:500,-0.249,0.044,1.066,-4.761,33.996,0.061,
00:00:11:516,-0.269,0.042,1.065,-47.242,8.483,3.967,
00:00:11:533,-0.281,0.045,1.034,-79.346,2.99,-0.367,
00:00:11:550,-0.286,0.104,0.994,-28.809,2.746,-1.831,
00:00:11:566,-0.305,0.071,0.97,5.127,0.061,-2.747,
00:00:11:583,-0.326,-0.005,0.939,-45.166,14.404,-9.766,
00:00:11:600,-0.314,-0.018,0.942,-157.959,24.902,-30.152,
00:00:11:616,-0.303,-0.014,0.929,-224.305,36.804,-65.674,
00:00:11:633,-0.285,-0.01,0.871,-222.474,32.165,-115.845,
00:00:11:650,-0.29,0.052,0.832,-140.87,51.452,-142.456,
00:00:11:666,-0.243,0.032,0.816,-87.891,76.11,-154.297,
00:00:11:683,-0.181,0.037,0.838,-82.093,105.285,-158.997,
00:00:11:700,-0.111,0.067,0.893,-78.003,118.713,-168.03,
00:00:11:716,-0.029,0.109,0.965,-72.144,112.793,-171.875,
00:00:11:733,0.066,0.2,1.056,-8.118,88.256,-164.063,
00:00:11:750,0.156,0.269,1.19,4.089,57.251,-134.888,
00:00:11:766,0.147,0.328,1.183,44.189,-14.222,-92.164,
00:00:11:783,0.13,0.279,1.103,103.21,-7.996,-34.668,
00:00:11:800,0.046,0.216,1.048,134.826,-40.039,-8.179,
00:00:11:816,-0.021,0.123,0.969,152.282,-13.184,9.826,
00:00:11:833,-0.053,0.085,0.937,131.347,-1.221,7.934,
00:00:11:850,-0.112,0.113,0.981,120.239,-3.052,0.976,
00:00:11:866,-0.175,0.099,0.998,132.141,-5.921,-16.297,
00:00:11:883,-0.256,0.07,1.013,107.238,-8.301,-25.208,
00:00:11:900,-0.316,0.046,0.992,78.43,-6.836,-19.043,
00:00:11:916,-0.352,0.018,0.967,42.236,-15.015,-15.931,
00:00:11:933,-0.398,-0.052,0.945,9.948,-29.908,-13.367,
00:00:11:950,-0.478,-0.086,0.842,18.92,-14.893,-23.621,
00:00:11:966,-0.48,-0.116,0.806,15.502,-3.174,-32.288,
00:00:11:983,-0.493,-0.115,0.797,-6.775,25.146,-34.058,
00:00:12:0,-0.432,-0.051,0.807,-4.334,57.983,-25.635,
00:00:12:16,-0.382,0.045,0.812,28.564,82.092,-15.809,
00:00:12:33,-0.357,0.027,0.824,58.715,109.558,-22.644,
00:00:12:50,-0.332,-0.011,0.774,83.74,170.227,-58.533,
00:00:12:66,-0.243,-0.016,0.795,105.529,245.483,-86.914,
00:00:12:83,-0.122,0.064,0.934,150.451,286.987,-113.892,
00:00:12:100,0.046,0.142,1.089,206.97,297.546,-124.695,
00:00:12:116,0.172,0.239,1.261,205.505,245.91,-118.592,
00:00:12:133,0.237,0.325,1.298,140.625,159.729,-80.506,
00:00:12:150,0.244,0.389,1.234,153.32,64.636,-8.728,
00:00:12:166,0.149,0.204,1.088,251.526,32.348,47.973,
00:00:12:183,0.018,-0.116,0.968,294.799,74.401,52.551,
00:00:12:200,0.039,-0.238,1.029,235.778,107.971,23.071,
00:00:12:216,0.054,-0.171,1.186,173.828,123.962,-10.56,
00:00:12:233,0.053,-0.113,1.224,110.595,108.398,-25.696,
00:00:12:250,0.055,-0.097,1.387,-63.111,54.199,-27.405,
00:00:12:266,-0.031,0.017,1.157,-213.99,53.466,-45.227,
00:00:12:283,-0.01,0.044,1.01,-174.866,47.18,-24.537,
00:00:12:300,-0.067,0.067,0.935,-106.934,68.42,-14.893,
00:00:12:316,-0.003,0.041,0.974,-50.66,33.081,-2.442,
00:00:12:333,-0.121,0.043,0.997,-31.8,50.109,13.305,
00:00:12:350,-0.154,-0.01,1.066,-61.402,28.869,32.653,
00:00:12:366,-0.16,-0.031,1.223,-32.593,-53.406,37.597,
00:00:12:383,-0.397,-0.142,1.168,-87.464,-58.228,-4.395,
00:00:12:400,-0.221,-0.17,1.023,-189.331,-31.434,-31.983,
00:00:12:416,-0.216,-0.031,0.86,-70.618,-75.501,-40.65,
00:00:12:433,-0.191,-0.04,1.021,-44.068,-33.387,-51.148,
00:00:12:450,-0.196,-0.031,1.046,-86.06,-57.557,-59.082,
00:00:12:466,-0.191,-0.016,1.048,-139.649,-69.214,-64.393,
00:00:12:483,-0.157,0.036,1.008,-151.185,-93.445,-71.473,
00:00:12:500,-0.178,0.097,0.987,-132.386,-82.337,-74.158,
00:00:12:516,-0.164,0.122,1.004,-109.314,-74.28,-56.519,
00:00:12:533,-0.146,0.24,0.948,-154.236,-72.327,-6.836,
00:00:12:550,-0.15,0.226,0.914,-57.129,-76.477,12.207,
00:00:12:566,-0.149,0.212,0.965,40.161,-108.704,22.461,
00:00:12:583,-0.197,0.134,0.962,98.327,-126.221,27.404,
00:00:12:600,-0.211,0.041,0.958,58.654,-128.54,26.184,
00:00:12:616,-0.25,0.089,0.912,62.5,-134.766,19.775,
00:00:12:633,-0.26,0.038,0.914,72.509,-132.935,17.211,
00:00:12:650,-0.279,0.029,0.912,52.795,-123.047,15.197,
00:00:12:666,-0.286,0.028,0.903,39.672,-94.056,11.718,
00:00:12:683,-0.275,0.011,0.883,36.682,-61.829,11.291,
00:00:12:700,-0.264,0.023,0.88,45.166,-28.626,5.493,
00:00:12:716,-0.241,0.035,0.918,68.725,5.798,0.122,
00:00:12:733,-0.202,0.048,0.961,92.224,28.747,-4.517,
00:00:12:750,-0.184,0.068,0.998,123.108,35.034,-4.273,
00:00:12:766,-0.176,0.036,1.023,124.817,32.043,-2.747,
00:00:12:783,-0.186,0.016,1.025,91.247,34.362,-1.221,
00:00:12:800,-0.191,0.027,1.029,58.105,42.053,0.793,
00:00:12:816,-0.188,0.015,1.005,35.339,49.377,0.427,
00:00:12:833,-0.181,0.018,1.005,13.732,54.016,1.22,
00:00:12:850,-0.171,0.058,0.991,16.052,54.443,5.004,
00:00:12:866,-0.175,0.064,0.997,42.602,51.33,7.019,
00:00:12:883,-0.175,0.042,1.014,66.528,46.63,6.225,
00:00:12:900,-0.175,0.005,1.023,43.029,49.377,3.173,
00:00:12:916,-0.134,0.068,1.014,26.855,47.18,7.751,
00:00:12:933,-0.162,0.078,1.041,53.283,8.483,11.169,
00:00:12:950,-0.182,0.025,1.062,41.442,11.108,11.413,
00:00:12:966,-0.178,0.03,1.004,-2.93,5.31,13.671,
00:00:12:983,-0.187,0.049,0.993,-8.118,3.906,18.798,
00:00:13:0,-0.183,0.054,0.989,3.234,-0.977,26.123,
00:00:13:16,-0.199,0.031,0.987,-6.531,-1.404,28.869,
00:00:13:33,-0.211,0.039,0.985,-23.865,5.798,29.296,
00:00:13:50,-0.218,0.051,0.99,-17.884,8.483,32.226,
00:00:13:66,-0.24,0.022,1.003,-28.626,9.399,37.597,
00:00:13:83,-0.263,0.038,1.02,-64.087,18.554,44.921,
00:00:13:100,-0.27,0.007,1.058,-123.536,35.583,51.147,
00:00:13:116,-0.259,-0.001,1.067,-215.638,39.733,46.936,
00:00:13:133,-0.266,0.031,1.049,-263.489,27.648,36.132,
00:00:13:150,-0.273,0.049,1.033,-236.39,15.747,23.254,
00:00:13:166,-0.268,0.049,1.003,-227.845,2.563,13.427,
00:00:13:183,-0.261,0.003,0.99,-248.719,-10.315,-5.494,
00:00:13:200,-0.259,-0.008,0.92,-289.063,-15.809,-25.208,
00:00:13:216,-0.264,0.015,0.846,-302.247,-25.94,-49.988,
00:00:13:233,-0.237,0.038,0.797,-263.672,3.051,-67.566,cutRH
00:00:13:250,-0.158,0.046,0.776,-226.624,39.489,-92.164,
00:00:13:266,-0.136,0.11,0.802,-181.458,93.811,-107.117,
00:00:13:283,-0.071,0.247,0.874,-110.413,140.258,-102.845,
00:00:13:300,0.015,0.358,0.993,21.545,178.344,-75.135,
00:00:13:316,0.123,0.446,1.162,135.803,178.588,-9.522,
00:00:13:333,0.167,0.493,1.311,200.805,144.287,55.358,
00:00:13:350,0.005,0.07,1.078,273.071,-20.63,118.652,
00:00:13:366,-0.055,-0.005,1.012,167.968,-63.111,103.698,
00:00:13:383,-0.102,0.052,0.962,99.609,-87.037,82.458,
00:00:13:400,-0.17,0.071,0.909,102.172,-121.155,54.992,
00:00:13:416,-0.235,0.066,0.848,26.123,-114.747,50.415,
00:00:13:433,-0.378,0.009,0.604,128.601,-45.655,19.043,
00:00:13:450,-0.374,-0.078,0.582,102.905,5.615,-2.869,
00:00:13:466,-0.39,-0.099,0.583,74.951,43.212,-29.786,
00:00:13:483,-0.348,-0.087,0.638,72.448,79.467,-62.867,
00:00:13:500,-0.258,0.014,0.744,186.035,109.314,-105.835,
00:00:13:516,-0.262,-0.031,0.826,232.055,157.47,-115.784,
00:00:13:533,-0.17,-0.002,0.909,232.727,218.444,-132.996,
00:00:13:550,-0.06,0.034,0.991,263.672,225.586,-153.26,
00:00:13:566,0.03,0.079,1.089,297.546,217.834,-162.598,
00:00:13:583,0.132,0.112,1.167,301.147,206.604,-132.874,
00:00:13:600,0.19,0.192,1.284,337.463,172.546,-67.994,
00:00:13:616,-0.005,-0.163,1.083,400.94,38.33,4.577,
00:00:13:633,-0.055,-0.224,1.014,264.099,60.913,-76.05,
00:00:13:650,-0.057,-0.2,1.072,170.288,65.856,-91.614,
00:00:13:666,-0.064,-0.074,1.22,134.948,72.876,-97.413,
00:00:13:683,-0.037,-0.06,1.304,83.496,32.287,-89.112,
00:00:13:700,-0.048,-0.005,1.299,-71.473,-49.805,-62.439,
00:00:13:716,-0.093,0.067,0.996,-179.2,-62.806,9.338,
00:00:13:733,-0.122,-0.043,0.895,-137.207,-51.941,21.118,
00:00:13:750,-0.152,-0.117,0.868,-121.399,-14.405,16.54,
00:00:13:766,-0.157,-0.163,0.919,-45.594,31.189,8.239,
00:00:13:783,-0.156,-0.204,1.005,-4.578,46.875,-11.719,
00:00:13:800,-0.158,-0.198,1.069,-37.354,40.1,-27.71,
00:00:13:816,-0.143,-0.097,1.068,-85.511,38.208,-13.916,
00:00:13:833,0.038,0.063,1.19,-100.586,-9.217,28.869,
00:00:13:850,-0.146,-0.022,1.197,-29.48,-103.028,70.983,
00:00:13:866,-0.235,-0.192,1.092,-85.755,-69.519,42.602,
00:00:13:883,-0.183,-0.228,0.956,-169.129,-70.008,15.747,
00:00:13:900,-0.206,-0.162,0.816,-135.56,-93.689,-21.363,
00:00:13:916,-0.256,-0.188,0.755,-28.748,-66.956,-62.806,
00:00:13:933,-0.314,-0.21,0.836,4.821,-16.663,-98.816,
00:00:13:950,-0.318,-0.153,0.916,3.479,37.536,-115.174,
00:00:13:966,-0.253,-0.129,1.033,-12.452,49.743,-130.249,
00:00:13:983,-0.184,-0.071,1.091,-134.034,15.136,-147.522,
00:00:14:0,-0.177,-0.003,1.102,-238.831,-27.283,-138.001,
00:00:14:16,-0.168,0.067,1.048,-274.048,-54.932,-133.851,
00:00:14:33,-0.156,0.103,1.002,-248.536,-78.736,-122.254,
00:00:14:50,-0.173,0.125,0.956,-187.012,-96.131,-112.977,
00:00:14:66,-0.177,0.098,0.937,-153.626,-94.971,-106.019,
00:00:14:83,-0.179,0.095,0.939,-159.424,-90.882,-102.539,
00:00:14:100,-0.184,0.113,0.93,-157.166,-80.75,-95.52,
00:00:14:116,-0.179,0.155,0.92,-106.507,-64.698,-82.642,
00:00:14:133,-0.18,0.169,0.905,-19.593,-53.223,-67.933,
00:00:14:150,-0.179,0.145,0.875,58.96,-40.894,-50.11,
00:00:14:166,-0.196,0.095,0.872,81.665,-23.011,-34.79,
00:00:14:183,-0.211,0.066,0.895,80.2,7.385,-23.743,
00:00:14:200,-0.206,0.056,0.926,122.863,39.55,-18.616,
00:00:14:216,-0.175,-0.009,0.995,136.901,45.776,-24.842,
00:00:14:233,-0.179,-0.053,1.046,104.248,40.344,-30.701,
00:00:14:250,-0.157,-0.027,1.086,68.542,31.311,-48.096,
00:00:14:266,-0.185,-0.029,1.109,48.95,5.676,-55.848,
00:00:14:283,-0.174,-0.026,1.125,4.272,-18.25,-58.289,
00:00:14:300,-0.172,-0.001,1.113,-57.251,-26.551,-54.383,
00:00:14:316,-0.187,0.033,1.055,-83.497,-47.547,-43.58,
00:00:14:333,-0.194,0.087,1.021,-57.801,-51.941,-31.861,
00:00:14:350,-0.193,0.066,0.989,-10.254,-56.885,-16.663,
00:00:14:366,-0.182,0.062,1.004,24.902,-64.942,-5.433,
00:00:14:383,-0.187,0.136,0.98,90.759,-73.609,2.38,
00:00:14:400,-0.149,-0.029,1.147,170.898,-138.123,7.019,
00:00:14:416,-0.221,-0.021,1.052,88.562,-128.113,-27.955,
00:00:14:433,-0.171,0,1.001,25.756,-137.024,-13.55,
00:00:14:450,-0.184,0.02,0.998,38.757,-150.818,-21.912,
00:00:14:466,-0.22,0.025,1.008,24.597,-157.837,-29.358,
00:00:14:483,-0.207,0.045,0.984,23.803,-138.428,-21.119,
00:00:14:500,-0.21,0.047,0.97,25.451,-127.381,-7.203,
00:00:14:516,-0.22,0.031,0.963,-6.287,-104.737,5.065,
00:00:14:533,-0.213,0.061,0.953,-41.993,-77.576,20.324,
00:00:14:550,-0.207,0.085,0.923,-48.218,-54.566,41.015,
00:00:14:566,-0.201,0.085,0.909,-44.861,-33.143,63.232,
00:00:14:583,-0.194,0.08,0.919,-39.063,-8.545,85.632,
00:00:14:600,-0.198,0.095,0.926,-26.123,6.774,97.351,
00:00:14:616,-0.205,0.088,0.929,5.371,25.573,109.985,
00:00:14:633,-0.203,0.053,0.933,25.512,46.325,112.121,
00:00:14:650,-0.212,0.016,0.929,11.535,67.504,114.135,
00:00:14:666,-0.207,0.007,0.935,-16.602,92.285,108.947,
00:00:14:683,-0.21,0.023,0.942,-30.884,106.323,92.163,
00:00:14:700,-0.221,0.092,0.774,14.587,132.08,76.294,
00:00:14:716,-0.117,-0.033,1.054,192.688,40.466,58.227,
00:00:14:733,-0.273,-0.133,1.099,131.225,12.39,15.502,
00:00:14:750,-0.203,-0.083,1.069,11.23,46.264,9.277,
00:00:14:766,-0.213,0.009,1.07,15.808,-1.099,5.065,
00:00:14:783,-0.24,-0.047,1.092,21.606,-12.513,-2.015,
00:00:14:800,-0.238,-0.01,1.049,-0.306,-14.527,-2.076,
00:00:14:816,-0.235,0.005,1.034,12.695,-16.297,3.173,
00:00:14:833,-0.227,-0.014,1.013,11.474,-17.579,9.155,
00:00:14:850,-0.238,0.005,1.007,-8.728,-22.461,17.944,
00:00:14:866,-0.25,0.012,1.002,-2.137,-9.827,31.311,
00:00:14:883,-0.249,0.01,1,11.718,-3.54,42.663,
00:00:14:900,-0.254,-0.005,1.016,20.874,2.685,49.499,
00:00:14:916,-0.251,-0.011,1.013,18.371,5.065,53.588,
00:00:14:933,-0.252,-0.016,1.015,-10.132,1.892,58.166,
00:00:14:950,-0.261,-0.024,1.012,-64.209,-0.123,60.485,
00:00:14:966,-0.263,-0.023,1.012,-127.137,2.38,62.744,
00:00:14:983,-0.27,-0.039,1.017,-188.355,8.606,62.805,
00:00:15:0,-0.284,0.058,0.963,-190.491,6.53,50.109,
00:00:15:16,-0.289,0.018,0.938,-190.43,5.859,51.879,
00:00:15:33,-0.291,0.016,0.835,-232.727,2.38,44.006,
00:00:15:50,-0.292,-0.083,0.716,-301.514,1.464,36.132,
00:00:15:66,-0.329,-0.093,0.607,-325.44,24.658,-7.63,
00:00:15:83,-0.279,0.009,0.614,-214.051,96.74,-53.467,
00:00:15:100,-0.207,-0.029,0.647,-104.248,131.836,-95.887,
00:00:15:116,-0.177,0.039,0.826,-73.426,184.143,-92.591,
00:00:15:133,-0.074,0.178,1.06,-15.381,240.173,-92.347,
00:00:15:150,0.046,0.278,1.273,60.424,238.891,-32.776,
00:00:15:166,0.1,0.286,1.416,90.637,152.343,-15.503,
00:00:15:183,0.059,0.227,1.46,106.933,102.356,24.475,
00:00:15:200,0.028,0.072,1.334,56.152,44.677,42.053,
00:00:15:216,-0.049,0,1.237,9.216,16.479,40.832,cutRH
00:00:15:233,-0.032,-0.026,1.183,-28.992,35.827,27.221,
00:00:15:250,-0.027,0.041,1.134,-91.553,20.752,15.564,
00:00:15:266,-0.087,0.143,1.087,-117.92,2.197,27.893,
00:00:15:283,-0.144,0.201,0.994,-125.733,-0.672,55.236,
00:00:15:300,-0.198,0.243,0.904,-97.596,12.817,90.026,
00:00:15:316,-0.221,0.22,0.874,-83.374,26.611,138.244,
00:00:15:333,-0.315,0.229,0.707,-36.56,55.358,161.621,
00:00:15:350,-0.366,0.069,0.587,36.621,68.847,169.006,
00:00:15:366,-0.407,-0.125,0.624,99.975,134.216,45.166,
00:00:15:383,-0.332,-0.152,0.688,83.679,145.446,-12.024,
00:00:15:400,-0.29,-0.008,0.763,70.129,133.789,-60.914,
00:00:15:416,-0.234,0.038,0.82,88.317,139.343,-88.074,
00:00:15:433,-0.224,-0.039,0.794,42.907,130.432,-148.133,
00:00:15:450,0.028,0.191,0.865,-72.876,205.505,-233.46,
00:00:15:466,0.148,0.351,1.067,110.473,272.155,-203.064,
00:00:15:483,0.303,0.319,1.217,234.314,250.061,-162.537,
00:00:15:500,0.354,0.251,1.32,233.642,138.672,-129.395,
00:00:15:516,0.135,0.029,1.401,160.705,47.058,-117.92,
00:00:15:533,0,-0.045,1.234,-1.221,14.953,-173.951,
00:00:15:550,-0.015,-0.026,1.205,-118.531,-14.283,-179.383,
00:00:15:566,-0.063,0.103,1.139,-208.252,-45.594,-158.57,
00:00:15:583,-0.083,0.201,1.083,-149.292,-38.758,-117.92,
00:00:15:600,0.016,0.243,1.124,-169.251,-22.461,-40.284,
00:00:15:616,-0.035,0.31,0.952,-189.881,-22.156,-14.466,
00:00:15:633,-0.044,0.16,0.902,-27.222,3.234,43.396,
00:00:15:650,-0.085,0.146,0.947,27.893,25.94,46.814,
00:00:15:666,-0.085,0.074,1.007,82.397,26.245,47.241,
00:00:15:683,-0.105,0.042,1.089,33.325,12.756,45.654,
00:00:15:700,-0.158,0.047,1.07,22.583,-6.714,34.179,
00:00:15:716,-0.157,0.055,1.087,5.859,-21.485,38.391,
00:00:15:733,-0.176,0.064,1.08,6.103,-50.782,38.574,
00:00:15:750,-0.197,0.025,1.017,59.631,-77.088,39.001,
00:00:15:766,-0.198,-0.052,1.043,111.023,-88.929,18.798,
00:00:15:783,-0.218,-0.066,0.991,100.83,-90.943,-6.226,
00:00:15:800,-0.217,-0.07,0.978,84.106,-104.737,-33.387,
00:00:15:816,-0.228,-0.05,1.01,49.682,-120.057,-63.416,
00:00:15:833,-0.233,-0.015,1.019,23.01,-127.32,-83.313,
00:00:15:850,-0.21,0.032,1.041,0.854,-144.104,-96.009,
00:00:15:866,-0.214,0.033,1.08,-45.227,-160.95,-104.92,
00:00:15:883,-0.197,0.059,1.091,-120.179,-165.345,-101.624,
00:00:15:900,-0.177,0.126,1.064,-160.462,-187.989,-97.352,
00:00:15:916,-0.175,0.187,1.001,-132.569,-202.515,-88.257,
00:00:15:933,-0.179,0.173,0.937,-76.05,-206.238,-73.243,
00:00:15:950,-0.189,0.147,0.875,-60.303,-197.754,-62.561,
00:00:15:966,-0.19,0.176,0.824,-24.72,-159.668,-42.603,
00:00:15:983,-0.187,0.182,0.861,50.659,-158.997,-30.823,
00:00:16:0,-0.231,0.131,0.876,76.416,-137.757,-16.48,
00:00:16:16,-0.22,0.119,0.894,91.857,-112.244,-7.752,
00:00:16:33,-0.232,0.048,0.93,113.586,-97.901,-8.606,
00:00:16:50,-0.263,0.009,0.936,50.415,-70.862,-12.757,
00:00:16:66,-0.254,0.055,0.933,26.733,-43.335,-11.048,
00:00:16:83,-0.259,0.073,0.939,56.701,-34.546,-17.64,
00:00:16:100,-0.237,0.039,0.952,89.599,-25.818,-25.208,
00:00:16:116,-0.235,0.031,0.981,90.698,-34.302,-31.8,
00:00:16:133,-0.238,0.029,1.01,71.838,-35.157,-37.171,
00:00:16:150,-0.237,0.03,1.001,34.729,-38.758,-42.847,
00:00:16:166,-0.233,0.075,1.002,7.202,-36.194,-33.875,
00:00:16:183,-0.234,0.11,0.993,23.925,-39.185,-22.767,
00:00:16:200,-0.24,0.101,0.979,46.02,-41.626,-10.498,
00:00:16:216,-0.242,0.109,0.984,67.26,-45.044,2.99,
00:00:16:233,-0.252,0.089,0.976,67.627,-42.603,13.183,
00:00:16:250,-0.263,0.078,0.972,54.687,-30.457,28.869,
00:00:16:266,-0.265,0.07,0.954,31.616,-20.997,38.574,
00:00:16:283,-0.264,0.108,0.95,34.973,-9.278,49.804,
00:00:16:300,-0.266,0.113,0.962,67.138,-4.639,57.434,
00:00:16:316,-0.262,0.068,0.95,79.895,-1.77,55.175,
00:00:16:333,-0.246,0.037,0.931,57.8,4.76,50.903,
00:00:16:350,-0.229,0.039,0.942,34.057,1.403,37.658,
00:00:16:366,-0.22,0.033,0.964,16.174,1.77,23.986,
00:00:16:383,-0.206,0.032,0.966,-1.954,8.361,10.864,
00:00:16:400,-0.207,0.049,0.952,-5.677,12.39,1.342,
00:00:16:416,-0.192,0.033,0.955,-13.794,17.028,-6.348,
00:00:16:433,-0.191,0.044,0.975,-33.02,22.705,-8.057,
00:00:16:450,-0.189,0.07,0.982,-44.007,27.71,-5.249,
00:00:16:466,-0.189,0.09,0.981,-30.396,26.001,2.075,
00:00:16:483,-0.2,0.093,0.988,-6.043,22.155,9.765,
00:00:16:500,-0.212,0.06,0.995,17.089,28.564,16.235,
00:00:16:516,-0.212,0.04,0.945,-4.639,47.424,21.789,
00:00:16:533,-0.171,0.066,1.024,52.49,14.099,26.672,
00:00:16:550,-0.246,-0.019,1.037,49.743,3.662,9.643,
00:00:16:566,-0.19,0.018,1.014,8.239,17.578,10.009,
00:00:16:583,-0.233,0.032,1.014,15.869,7.324,8.056,
00:00:16:600,-0.241,0.017,1.006,13.488,11.779,6.53,
00:00:16:616,-0.246,0.037,1.001,-5.921,11.291,4.15,
00:00:16:633,-0.25,0.057,0.996,-1.282,9.399,7.385,
00:00:16:650,-0.254,0.051,0.993,0.854,7.019,11.779,
00:00:16:667,-0.26,0.047,0.984,-7.142,0.305,12.39,
00:00:16:683,-0.271,0.048,0.98,-9.156,0.915,18.798,
00:00:16:700,-0.282,0.055,0.983,-3.235,8.422,20.935,
00:00:16:717,-0.292,0.066,0.993,7.202,10.498,25.085,
00:00:16:733,-0.315,0.049,1.029,8.606,21.484,29.48,
00:00:16:750,-0.334,0.045,1.052,-4.456,36.743,37.78,
00:00:16:767,-0.334,-0.023,1.058,-21.668,42.663,44.616,
00:00:16:783,-0.333,-0.065,1.116,-47.425,22.155,30.7,
00:00:16:800,-0.332,-0.071,1.13,-80.75,3.234,-17.945,
00:00:16:817,-0.324,-0.035,1.059,-124.939,-4.151,-50.843,
00:00:16:833,-0.29,0.008,0.941,-151.185,-29.847,-65.369,
00:00:16:850,-0.308,0.037,0.87,-173.584,-31.373,-60.181,
00:00:16:867,-0.321,0.018,0.715,-206.665,38.452,-33.387,
00:00:16:883,-0.282,0.008,0.693,-184.937,148.62,-18.799,
00:00:16:900,-0.216,0.107,0.723,-153.138,195.678,-27.405,
00:00:16:917,-0.108,0.236,0.831,-30.762,244.567,-18.677,
00:00:16:933,0,0.263,0.981,22.827,246.643,0.793,
00:00:16:950,0.07,0.329,1.126,0,237.365,53.649,
00:00:16:967,0.151,0.375,1.225,-14.771,179.992,94.848,
00:00:16:983,0.119,0.327,1.154,25.024,138.855,124.572,
00:00:17:0,0.075,0.196,1.009,82.275,75.012,117.126,
00:00:17:17,-0.014,0.068,0.953,85.876,39.733,96.984,
00:00:17:33,-0.046,0.048,0.945,69.152,34.545,68.664,
00:00:17:50,-0.082,0.035,0.961,55.786,1.281,37.719,
00:00:17:67,-0.151,0.02,0.958,19.043,-34.363,8.239,
00:00:17:83,-0.205,0.017,0.906,-38.514,-56.58,-15.503,
00:00:17:100,-0.262,0.049,0.782,-65.857,-71.045,-39.429,
00:00:17:117,-0.311,-0.004,0.7,-69.642,-71.595,-64.331,
00:00:17:133,-0.349,0.002,0.625,-119.568,-44.007,-81.665,
00:00:17:150,-0.331,0.05,0.539,-131.958,-2.747,-111.817,
00:00:17:167,-0.307,0.111,0.598,-132.019,39.001,-124.756,
00:00:17:183,-0.239,0.26,0.669,-92.469,101.501,-119.324,
00:00:17:200,-0.211,0.228,0.697,-23.804,135.62,-101.99,
00:00:17:217,-0.227,0.098,0.692,35.034,215.026,-100.22,cutRH
00:00:17:233,-0.158,-0.038,0.763,25.695,285.278,-96.497,
00:00:17:250,-0.095,-0.006,0.908,86.914,302.185,-158.509,
00:00:17:267,-0.112,-0.156,0.968,173.645,312.5,-224.06,
00:00:17:283,0.045,0.093,0.925,317.199,353.271,-239.197,
00:00:17:300,-0.065,-0.11,1.015,520.507,312.5,-282.654,
00:00:17:317,0.064,-0.106,1.201,458.068,335.266,-291.993,
00:00:17:333,0.271,0.186,1.592,431.518,290.161,-237.915,
00:00:17:350,0.286,0.073,1.749,299.804,172.973,-163.819,
00:00:17:367,0.094,-0.015,1.612,0.976,53.1,-155.762,
00:00:17:383,-0.027,-0.073,1.343,-92.591,22.522,-140.564,
00:00:17:400,-0.067,-0.025,1.15,-206.36,-7.752,-164.368,
00:00:17:417,-0.024,0.166,1.092,-162.049,9.582,-136.17,
00:00:17:433,-0.007,0.195,1.103,-117.432,2.136,-86.304,
00:00:17:450,-0.017,0.302,1.105,-115.601,-13.123,-33.204,
00:00:17:467,0.063,0.434,1.053,-54.505,-12.513,36.987,
00:00:17:483,-0.009,0.304,1.013,104.187,-30.823,95.642,
00:00:17:500,-0.018,0.117,0.959,63.11,-26.429,114.38,
00:00:17:517,-0.045,0.019,0.948,29.48,-14.039,115.417,
00:00:17:533,-0.069,-0.049,0.975,3.601,-7.142,102.356,
00:00:17:550,-0.09,-0.053,1.002,-9.766,-11.78,78.002,
00:00:17:567,-0.106,-0.02,1.012,10.925,-5.494,68.054,
00:00:17:583,-0.086,-0.006,1.037,-14.039,-7.142,65.307,
00:00:17:600,-0.135,0.029,1.035,-37.964,-16.907,52.49,
00:00:17:617,-0.106,0.041,1.061,-71.106,-23.621,52.795,
00:00:17:633,-0.165,0.049,1.003,-71.106,-29.847,64.758,
00:00:17:650,-0.189,0.012,0.982,-2.259,-22.217,64.819,
00:00:17:667,-0.173,-0.03,1.017,9.277,-23.072,64.025,
00:00:17:683,-0.188,-0.014,1.05,8.85,-23.438,57.251,
00:00:17:700,-0.204,-0.075,1.062,24.658,-42.176,33.386,
00:00:17:717,-0.193,-0.053,1.119,-16.968,-60.914,8.178,
00:00:17:733,-0.159,-0.013,1.075,-26.49,-66.712,-4.334,
00:00:17:750,-0.164,-0.015,1.049,-29.419,-71.778,-15.809,
00:00:17:767,-0.135,0,1.029,-63.172,-93.811,-25.025,
00:00:17:783,-0.142,-0.009,0.967,-65.857,-132.386,-46.814,
00:00:17:800,-0.123,0.038,0.982,-90.699,-158.448,-61.28,
00:00:17:817,-0.09,0.047,0.936,-96.375,-175.721,-75.013,
00:00:17:833,-0.109,0.065,0.933,-113.587,-184.144,-82.276,
00:00:17:850,-0.106,0.067,0.908,-139.649,-175.049,-93.14,
00:00:17:867,-0.124,0.1,0.886,-162.171,-173.706,-98.938,
00:00:17:883,-0.145,0.122,0.891,-164.856,-143.738,-95.948,
00:00:17:900,-0.132,0.161,0.868,-139.222,-111.939,-86.487,
00:00:17:917,-0.132,0.172,0.894,-90.149,-107.3,-79.041,
00:00:17:933,-0.148,0.202,0.89,-48.157,-89.966,-63.904,
00:00:17:950,-0.188,0.168,0.954,2.868,-109.62,-55.359,
00:00:17:967,-0.214,0.126,0.986,-17.09,-94.666,-38.88,
00:00:17:983,-0.205,0.125,0.963,-36.622,-67.2,-34.058,
00:00:18:0,-0.201,0.15,0.952,-13.306,-61.097,-28.199,
00:00:18:17,-0.211,0.132,0.952,12.512,-60.852,-23.987,
00:00:18:33,-0.214,0.112,0.954,26.794,-60.73,-26.001,
00:00:18:50,-0.219,0.07,0.946,19.47,-59.937,-33.57,
00:00:18:67,-0.228,0.046,0.946,-10.254,-54.749,-39.917,
00:00:18:83,-0.233,0.027,0.945,-53.223,-49.378,-54.078,
00:00:18:100,-0.232,0.006,0.932,-107.911,-37.476,-72.815,
00:00:18:117,-0.22,0.068,0.912,-116.639,-22.217,-88.379,
00:00:18:133,-0.204,0.138,0.928,-50.721,-16.846,-101.624,
00:00:18:150,-0.19,0.154,0.994,35.4,-26.856,-112.915,
00:00:18:167,-0.181,0.128,1.066,67.321,-34.668,-116.15,
00:00:18:183,-0.171,0.124,1.102,36.315,-37.537,-111.145,
00:00:18:200,-0.17,0.171,1.075,-12.818,-49.5,-93.873,
00:00:18:217,-0.187,0.2,1.029,-26.795,-58.899,-72.022,
00:00:18:233,-0.199,0.213,0.994,-12.94,-70.679,-47.791,
00:00:18:250,-0.222,0.206,0.968,7.873,-73.975,-23.011,
00:00:18:267,-0.236,0.207,0.96,33.752,-72.266,-0.733,
00:00:18:283,-0.254,0.173,0.972,48.645,-60.425,17.7,
00:00:18:300,-0.253,0.134,0.96,29.113,-44.373,31.066,
00:00:18:317,-0.254,0.118,0.931,-7.447,-23.438,40.283,
00:00:18:333,-0.25,0.134,0.907,-22.828,-10.804,47.79,
00:00:18:350,-0.254,0.144,0.904,-1.465,-5.372,49.926,
00:00:18:367,-0.258,0.131,0.914,28.198,-1.221,54.016,
00:00:18:383,-0.267,0.11,0.928,45.41,7.019,50.109,
00:00:18:400,-0.268,0.101,0.945,42.907,20.202,48.584,
00:00:18:417,-0.262,0.082,0.95,26.367,27.893,42.785,
00:00:18:433,-0.255,0.103,0.952,10.376,33.447,39.428,
00:00:18:450,-0.249,0.111,0.957,10.07,35.888,35.705,
00:00:18:467,-0.243,0.129,0.953,24.963,33.02,35.705,
00:00:18:483,-0.236,0.134,0.968,53.833,24.719,36.865,
00:00:18:500,-0.239,0.116,0.986,69.091,28.625,37.78,
00:00:18:517,-0.232,0.091,0.995,55.847,35.4,35.034,
00:00:18:533,-0.234,0.096,0.996,29.48,41.381,31.616,
00:00:18:550,-0.21,0.078,0.981,2.502,61.279,32.898,
00:00:18:567,-0.197,0.114,0.98,-8.545,68.725,30.151,
00:00:18:583,-0.192,0.14,0.986,20.385,81.298,33.63,
00:00:18:600,-0.18,0.125,0.994,56.274,86.242,33.874,
00:00:18:617,-0.168,0.161,0.963,85.571,100.28,46.325,
00:00:18:633,-0.132,0.153,1.098,133.3,48.034,52.002,
00:00:18:650,-0.19,0.089,1.085,115.173,29.968,50.903,
00:00:18:667,-0.165,0.084,1.046,66.101,18.249,58.288,
00:00:18:683,-0.183,0.082,1.031,49.804,-1.709,57.434,
00:00:18:700,-0.172,0.057,1,41.503,5.31,53.466,
00:00:18:717,-0.166,0.044,0.979,24.963,2.746,40.771,
00:00:18:733,-0.173,0.062,0.988,18.066,12.451,29.663,
00:00:18:750,-0.153,0.095,0.973,40.161,14.465,15.808,
00:00:18:767,-0.159,0.093,1.002,47.912,-2.32,13.916,
00:00:18:783,-0.187,0.104,0.984,34.668,-1.526,14.526,
00:00:18:800,-0.193,0.129,0.973,29.602,-4.517,20.385,
00:00:18:817,-0.215,0.109,0.955,37.963,-14.039,25.878,
00:00:18:833,-0.245,0.119,0.948,40.1,-6.775,31.25,
00:00:18:850,-0.253,0.116,0.936,63.659,7.263,41.687,
00:00:18:867,-0.266,0.118,0.943,92.773,10.253,47.302,
00:00:18:883,-0.284,0.087,0.962,110.962,16.479,56.579,
00:00:18:900,-0.3,0.058,0.97,100.219,20.874,59.448,
00:00:18:917,-0.319,0.041,0.968,88.134,11.413,60.913,
00:00:18:933,-0.332,0.024,0.966,96.374,16.662,59.387,
00:00:18:950,-0.342,0.023,0.952,105.285,18.371,53.894,
00:00:18:967,-0.327,-0.007,0.952,126.342,34.973,59.448,
00:00:18:983,-0.304,-0.062,0.954,95.52,56.335,42.541,
00:00:19:0,-0.314,-0.112,0.913,19.897,66.467,15.93,
00:00:19:17,-0.318,-0.224,0.823,-114.258,85.876,-56.824,
00:00:19:33,-0.336,-0.303,0.778,-294.556,95.214,-90.821,
00:00:19:50,-0.28,-0.31,0.646,-482.483,123.047,-147.461,
00:00:19:67,-0.259,-0.109,0.554,-425.232,166.687,-239.319,
00:00:19:83,-0.152,-0.056,0.585,-298.401,231.506,-311.097,
00:00:19:100,-0.028,0.177,0.72,-191.102,319.091,-327.21,
00:00:19:117,0.164,0.759,0.509,131.775,406.494,-250.916,
00:00:19:133,0.265,0.443,1.067,647.094,234.192,-210.694,
00:00:19:150,0.308,0.439,1.459,444.458,260.803,-18.372,
00:00:19:167,0.502,0.598,1.513,275.879,214.05,178.344,
00:00:19:183,0.318,0.337,1.307,283.569,44.311,205.322,
00:00:19:200,0.113,-0.025,1.194,143.127,-6.165,202.514,
00:00:19:217,0.059,-0.047,0.977,80.993,0.976,140.258,cutRH
00:00:19:233,0.019,-0.177,0.923,176.086,12.878,61.706,
00:00:19:250,-0.013,-0.192,0.972,142.334,30.578,-24.476,
00:00:19:267,-0.027,-0.032,1.002,52.002,44.128,-59.327,
00:00:19:283,-0.037,0.095,1.057,13.305,39.428,-59.205,
00:00:19:300,-0.102,0.123,1.072,-4.151,20.935,-46.57,
00:00:19:317,-0.146,0.081,1.069,-19.654,23.559,-25.025,
00:00:19:333,-0.166,0.042,1.014,-29.602,14.282,-16.053,
00:00:19:350,-0.223,-0.019,0.979,-32.654,4.394,-21.912,
00:00:19:367,-0.242,-0.044,0.937,-21.058,17.211,-25.391,
00:00:19:383,-0.277,-0.092,0.923,6.225,24.963,-40.894,
00:00:19:400,-0.273,-0.09,0.92,18.798,43.762,-42.42,
00:00:19:417,-0.3,-0.114,0.962,17.639,30.944,-52.308,
00:00:19:433,-0.372,-0.105,0.916,46.203,37.292,-62.134,
00:00:19:450,-0.351,-0.125,0.957,67.504,36.499,-55.542,
00:00:19:467,-0.313,-0.048,1.049,33.63,33.752,-41.565,
00:00:19:483,-0.21,0.053,1.127,15.502,18.92,-13.001,
00:00:19:500,-0.199,0.045,1.087,32.47,-9.339,0.915,
00:00:19:517,-0.153,-0.038,0.994,41.137,-38.941,-9.217,
00:00:19:533,-0.136,-0.005,0.956,32.714,-36.499,-20.569,
00:00:19:550,-0.044,-0.013,0.926,77.88,-6.897,-38.208,
00:00:19:567,0.044,0.005,1.016,116.333,24.169,-50.11,
00:00:19:583,0.146,0.092,1.085,110.351,39.489,-31.861,
00:00:19:600,0.187,0.089,1.205,63.232,33.691,-30.091,
00:00:19:617,0.086,0.01,1.139,56.274,21.484,-35.95,
00:00:19:633,0.117,-0.029,1.084,19.592,20.019,-36.866,
00:00:19:650,0.078,0.135,1.017,-88.99,4.455,14.953,
00:00:19:667,-0.007,0.127,0.99,-63.721,14.892,53.527,
00:00:19:683,-0.078,0.057,0.966,-14.954,28.686,63.964,
00:00:19:700,-0.112,-0.008,0.953,9.521,48.461,60.913,
00:00:19:717,-0.152,-0.041,0.982,18.981,58.41,44.616,
00:00:19:733,-0.156,-0.049,1.016,11.352,56.762,31.494,
00:00:19:750,-0.18,-0.062,1.041,-10.743,39.917,18.92,
00:00:19:767,-0.207,-0.083,1.059,-26.917,22.216,9.277,
00:00:19:783,-0.215,-0.124,1.015,-41.626,-35.95,-55.115,
00:00:19:800,-0.206,-0.102,1.007,-25.879,-60.486,-76.233,
00:00:19:817,-0.222,-0.073,1.041,-24.72,-62.806,-88.257,
00:00:19:833,-0.18,-0.069,1.05,-45.227,-86.731,-100.708,
00:00:19:850,-0.171,-0.056,1.09,-140.259,-118.836,-106.507,
00:00:19:867,-0.073,-0.017,1.063,-244.69,-206.788,-110.169,
00:00:19:883,-0.105,0.017,1.066,-322.693,-283.509,-127.015,
00:00:19:900,-0.15,0.052,1.024,-381.287,-238.648,-131.348,
00:00:19:917,-0.09,0.089,0.918,-416.199,-216.431,-132.569,
00:00:19:933,-0.125,0.162,0.839,-378.052,-208.435,-121.033,
00:00:19:950,-0.094,0.299,0.811,-195.069,-211.853,-107.605,
00:00:19:967,-0.141,0.257,0.945,42.114,-269.959,-82.093,
00:00:19:983,-0.254,0.159,1.067,83.74,-271.485,-72.449,
00:00:20:0,-0.282,0.099,1.001,-11.841,-239.136,-86.426,
00:00:20:17,-0.273,0.056,0.903,-123.169,-190.308,-59.571,
00:00:20:33,-0.279,0.157,0.846,-173.829,-160.828,-34.546,
00:00:20:50,-0.289,0.229,0.84,-85.022,-141.785,-11.048,
00:00:20:67,-0.303,0.182,0.851,14.831,-121.216,0.244,
00:00:20:83,-0.298,0.089,0.847,40.222,-83.985,10.131,
00:00:20:100,-0.296,0.074,0.869,-3.113,-48.157,14.892,
00:00:20:117,-0.284,0.137,0.88,3.112,-20.813,11.535,
00:00:20:133,-0.267,0.087,0.879,39.062,10.437,1.77,
00:00:20:150,-0.242,0.059,0.89,37.658,39.672,-4.7,
00:00:20:167,-0.232,0.075,0.941,31.311,55.053,-11.231,
00:00:20:183,-0.211,0.086,0.981,33.386,63.964,-20.63,
00:00:20:200,-0.199,0.087,1.009,27.404,63.964,-23.682,
00:00:20:217,-0.203,0.118,1.036,21.728,55.481,-24.598,
00:00:20:233,-0.197,0.115,1.02,15.502,44.189,-24.292,
00:00:20:250,-0.207,0.127,1.008,15.625,32.104,-16.358,
00:00:20:267,-0.189,0.136,1.006,29.968,21.24,-8.24,
00:00:20:283,-0.226,0.111,1.001,37.536,14.404,-4.639,
00:00:20:300,-0.218,0.104,0.993,38.024,16.113,-1.893,
00:00:20:317,-0.215,0.096,0.99,23.803,12.268,-5.372,
00:00:20:333,-0.214,0.098,0.985,18.737,13.061,-11.414,
00:00:20:350,-0.207,0.098,0.978,22.949,18.615,-17.945,
00:00:20:367,-0.2,0.098,0.985,20.752,27.038,-18.86,
00:00:20:383,-0.194,0.094,0.992,7.812,29.663,-24.781,
00:00:20:400,-0.164,0.123,0.986,7.995,23.559,-20.935,
00:00:20:417,-0.205,0.119,1.001,16.784,2.868,-20.813,
00:00:20:433,-0.204,0.101,0.988,11.108,14.16,-20.813,
00:00:20:450,-0.204,0.109,0.971,7.934,15.38,-15.686,
00:00:20:467,-0.212,0.11,0.982,17.883,18.432,-14.344,
00:00:20:483,-0.211,0.093,0.975,24.475,20.324,-12.696,
00:00:20:500,-0.209,0.09,0.98,21.362,16.54,-12.207,
00:00:20:517,-0.216,0.091,0.982,16.174,15.747,-14.405,
00:00:20:533,-0.212,0.091,0.983,12.451,14.099,-12.818,
00:00:20:550,-0.216,0.106,0.987,11.535,7.385,-15.198,
00:00:20:567,-0.226,0.097,0.96,11.535,2.014,-9.949,
00:00:20:583,-0.233,0.102,0.961,23.803,1.403,-8.179,
00:00:20:600,-0.235,0.089,0.969,28.93,4.394,-10.376,
00:00:20:617,-0.242,0.098,0.989,13.122,1.586,-9.583,
00:00:20:633,-0.236,0.114,0.998,16.906,-1.404,-7.019,
00:00:20:650,-0.246,0.104,0.991,23.193,-6.409,-3.724,
00:00:20:667,-0.261,0.095,0.998,20.752,-7.569,-3.235,
00:00:20:683,-0.265,0.096,1.01,21.545,-4.334,-15.198,
00:00:20:700,-0.274,0.12,1.015,35.156,-5.982,2.197,
00:00:20:717,-0.303,0.119,1.03,52.124,-14.161,5.065,
00:00:20:733,-0.334,0.098,1.037,50.231,-15.259,6.652,
00:00:20:750,-0.349,0.064,1.092,23.803,-11.048,-2.564,
00:00:20:767,-0.335,0.029,1.065,-31.434,-11.78,-38.208,
00:00:20:783,-0.334,0.027,1.064,-123.658,-30.823,-84.412,
00:00:20:800,-0.342,0.078,1.068,-213.562,-52.063,-118.592,
00:00:20:817,-0.347,0.13,1.085,-265.564,-67.81,-129.395,
00:00:20:833,-0.357,0.183,1.061,-286.927,-69.642,-116.639,
00:00:20:850,-0.341,0.203,1.016,-265.625,-71.534,-96.802,
00:00:20:867,-0.309,0.191,0.929,-246.705,-100.953,-73.243,
00:00:20:883,-0.299,0.092,0.836,-247.864,-122.193,-59.449,
00:00:20:900,-0.28,0.011,0.726,-293.763,-100.159,-38.941,
00:00:20:917,-0.282,-0.024,0.687,-305.176,-50.477,-8.24,
00:00:20:933,-0.296,0.044,0.592,-230.408,68.725,-42.725,
00:00:20:950,-0.21,0.094,0.473,-111.939,153.32,-79.468,
00:00:20:967,-0.133,0.099,0.469,-46.753,191.772,-91.797,
00:00:20:983,-0.076,0.123,0.505,-59.571,301.696,-71.473,
00:00:21:0,0.123,0.319,0.577,-67.627,425.354,-102.295,
00:00:21:17,0.247,0.487,0.758,125.671,442.81,-136.475,
00:00:21:33,0.274,0.435,0.976,387.573,405.7,-138.794,
00:00:21:50,0.318,0.334,1.257,474.792,315.918,-89.722,
00:00:21:67,0.371,0.276,1.258,422.424,216.003,-48.89,
00:00:21:83,-0.033,-0.061,1.28,342.224,75.805,-61.524,
00:00:21:100,-0.105,-0.196,1.208,202.087,118.408,-87.159,
00:00:21:117,-0.094,-0.077,1.223,93.139,99.426,-121.155,
00:00:21:133,-0.115,0.026,1.279,66.65,97.229,-96.07,
00:00:21:150,-0.118,0.096,1.239,22.522,67.016,-71.289,
00:00:21:167,-0.177,0.202,1.147,-7.569,30.517,-33.631,
00:00:21:183,-0.188,0.256,1.088,11.23,49.987,18.615,
00:00:21:200,-0.106,0.276,1.069,-5.86,64.209,79.528,
00:00:21:217,-0.127,0.339,0.979,-0.367,52.734,103.393,
00:00:21:233,-0.171,0.295,0.959,72.509,55.542,136.291,cutRH
00:00:21:250,-0.215,0.18,0.876,82.214,67.749,130.676,
00:00:21:267,-0.271,0.14,0.73,90.515,92.224,103.393,
00:00:21:283,-0.275,0.047,0.8,78.308,93.139,87.524,
00:00:21:300,-0.305,-0.052,0.842,67.504,61.462,27.71,
00:00:21:317,-0.334,-0.087,0.824,-17.945,39.917,-129.517,
00:00:21:333,-0.324,-0.004,0.927,-44.495,10.559,-146.424,
00:00:21:350,-0.247,0.131,0.962,-72.327,-12.879,-135.376,
00:00:21:367,-0.231,0.176,0.902,-36.072,-39.185,-116.578,
00:00:21:383,-0.173,0.217,0.862,69.641,-14.588,-108.765,
00:00:21:400,-0.266,0.075,0.691,260.742,-6.348,-111.817,
00:00:21:417,-0.155,-0.017,0.854,375.976,89.721,-111.023,
00:00:21:433,-0.045,0.058,1.129,377.319,101.013,-106.385,
00:00:21:450,0.179,0.166,1.37,257.141,99.426,-64.82,
00:00:21:467,0.272,0.203,1.604,104.553,20.568,14.526,
00:00:21:483,0.212,0.091,1.544,163.879,-105.835,48.828,
00:00:21:500,-0.076,-0.321,1.061,-99.549,-35.462,-16.358,
00:00:21:517,0.155,0.115,1.07,-190.308,-19.715,23.193,
00:00:21:533,0.089,0.145,0.986,-118.836,-15.748,47.546,
00:00:21:550,0.02,0.132,1.009,-60.486,-1.831,59.021,
00:00:21:567,-0.043,0.114,1.056,-4.578,7.629,65.856,
00:00:21:583,-0.074,0.042,1.089,-19.593,0.976,60.485,
00:00:21:600,-0.12,0.021,1.078,-104.31,-10.926,49.56,
00:00:21:617,-0.122,0.07,1.002,-172.181,-28.809,41.259,
00:00:21:633,-0.165,0.123,0.958,-169.007,-38.392,35.095,
00:00:21:650,-0.15,0.178,0.896,-111.756,-43.824,24.353,
00:00:21:667,-0.166,0.175,0.943,-58.228,-24.964,-34.974,
00:00:21:683,-0.211,0.14,0.96,-37.537,-39.124,-33.387,
00:00:21:700,-0.205,0.093,0.942,-34.852,-38.819,-10.193,
00:00:21:717,-0.237,0.033,0.955,-15.748,-50.293,-7.752,
00:00:21:733,-0.223,0.005,0.953,-17.029,-50.843,-23.072,
00:00:21:750,-0.241,0.012,0.965,-19.227,-47.669,-34.852,
00:00:21:767,-0.216,0.027,0.968,3.112,-64.759,-47.12,
00:00:21:783,-0.247,0.038,0.948,4.577,-87.891,-51.514,
00:00:21:800,-0.263,0.06,0.94,-4.395,-75.257,-43.519,
00:00:21:817,-0.226,0.092,0.936,-13.672,-66.407,-38.697,
00:00:21:833,-0.225,0.094,0.97,-1.343,-69.458,-44.434,
00:00:21:850,-0.2,0.089,0.978,-32.288,-50.782,-39.917,
00:00:21:867,-0.177,0.117,1,-75.379,-48.706,-38.269,
00:00:21:883,-0.153,0.13,0.995,-93.934,-45.655,-35.157,
00:00:21:900,-0.133,0.156,0.974,-96.009,-58.472,-34.18,
00:00:21:917,-0.148,0.155,0.974,-69.947,-79.041,-38.575,
00:00:21:933,-0.166,0.114,0.953,-78.125,-78.614,-47.73,
00:00:21:950,-0.171,0.132,0.928,-95.643,-62.195,-50.477,
00:00:21:967,-0.17,0.15,0.918,-90.271,-48.035,-57.496,
00:00:21:983,-0.171,0.149,0.919,-86.976,-41.748,-65.186,
00:00:22:0,-0.173,0.18,0.917,-74.219,-34.119,-66.834,
00:00:22:17,-0.17,0.188,0.924,-52.918,-30.884,-60.791,
00:00:22:33,-0.189,0.202,0.93,-23.804,-22.644,-47.608,
00:00:22:50,-0.191,0.186,0.98,5.737,-16.358,-47.303,
00:00:22:67,-0.207,0.185,0.993,-5.31,5.92,-32.105,
00:00:22:83,-0.203,0.188,0.99,3.54,28.381,-27.222,
00:00:22:100,-0.188,0.159,0.988,21.606,32.287,-26.551,
00:00:22:117,-0.186,0.141,0.995,26.977,24.414,-21.485,
00:00:22:133,-0.191,0.115,1,5.004,9.704,-24.414,
00:00:22:150,-0.192,0.146,1.001,0.122,5.188,-34.119,
00:00:22:167,-0.183,0.136,1.005,5.188,-2.869,-33.997,
00:00:22:183,-0.186,0.134,1.014,-6.714,-8.423,-30.823,
00:00:22:200,-0.184,0.162,1.014,-13.611,-10.926,-28.626,
00:00:22:217,-0.178,0.167,1.025,-2.442,-20.691,-20.691,
00:00:22:233,-0.181,0.16,1.023,1.159,-29.297,-11.292,
00:00:22:250,-0.17,0.178,1.038,-19.471,-33.936,0.549,
00:00:22:267,-0.163,0.164,1.036,-36.499,-47.303,7.812,
00:00:22:283,-0.167,0.179,1.014,-53.711,-55.115,15.808,
00:00:22:300,-0.173,0.183,0.999,-53.65,-64.331,22.277,
00:00:22:317,-0.182,0.198,0.967,-44.861,-58.777,40.771,
00:00:22:333,-0.179,0.229,0.944,-3.052,-74.83,48.4,
00:00:22:350,-0.198,0.205,0.964,52.185,-103.76,51.025,
00:00:22:367,-0.219,0.194,0.912,83.801,-99.06,57.678,
00:00:22:383,-0.216,0.209,0.937,125.366,-124.634,50.903,
00:00:22:400,-0.241,0.145,0.94,154.663,-148.926,45.593,
00:00:22:417,-0.271,0.106,0.924,138.672,-133.301,44.372,
00:00:22:433,-0.274,0.087,0.916,105.468,-119.935,36.254,
00:00:22:450,-0.291,0.077,0.9,69.641,-99.793,33.447,
00:00:22:467,-0.303,0.068,0.88,37.963,-69.336,28.32,
00:00:22:483,-0.305,0.061,0.872,22.522,-36.377,23.559,
00:00:22:500,-0.305,0.084,0.877,28.503,-6.47,12.451,
00:00:22:517,-0.297,0.096,0.897,46.02,12.39,3.295,
00:00:22:533,-0.285,0.101,0.926,64.575,34.545,-3.907,
00:00:22:550,-0.259,0.096,0.963,71.838,45.41,-9.461,
00:00:22:567,-0.242,0.106,0.995,54.87,31.738,-9.156,
00:00:22:583,-0.223,0.117,1.018,36.193,31.921,-6.409,
00:00:22:600,-0.226,0.127,1.014,23.254,14.648,-1.831,
00:00:22:617,-0.219,0.167,1.001,45.349,-0.672,2.807,
00:00:22:633,-0.232,0.14,1.002,88.317,-20.081,7.446,
00:00:22:650,-0.242,0.107,0.968,104.797,-11.475,10.681,
00:00:22:667,-0.236,0.09,0.987,98.938,-21.119,17.211,
00:00:22:683,-0.257,0.121,0.993,89.294,-9.766,14.648,
00:00:22:700,-0.249,0.103,0.993,115.783,2.441,20.202,
00:00:22:717,-0.261,0.082,1.004,114.441,12.878,12.634,
00:00:22:733,-0.251,0.08,0.998,106.506,38.635,12.451,
00:00:22:750,-0.228,0.052,0.979,95.153,48.034,16.54,
00:00:22:767,-0.229,0.035,0.955,60.119,41.259,18.371,
00:00:22:783,-0.216,0.061,0.93,45.532,32.714,17.334,
00:00:22:800,-0.243,0.073,0.989,65.002,5.432,13.427,
00:00:22:817,-0.261,0.058,0.994,66.284,26.123,18.249,
00:00:22:833,-0.245,0.044,0.982,50.17,40.771,20.568,
00:00:22:850,-0.243,0.057,0.993,23.071,49.499,25.451,
00:00:22:867,-0.235,0.071,1.008,9.887,53.772,27.465,
00:00:22:883,-0.24,0.083,1.018,0.671,52.429,32.47,
00:00:22:900,-0.235,0.087,1.015,2.075,47.729,41.137,
00:00:22:917,-0.234,0.094,1.013,34.545,27.587,36.987,
00:00:22:933,-0.241,0.088,1,73.791,4.821,39.428,
00:00:22:950,-0.252,0.073,0.997,100.463,-9.156,33.935,
00:00:22:967,-0.267,0.037,0.998,89.355,-11.17,35.766,
00:00:22:983,-0.284,0.031,0.992,66.101,3.173,42.907,
00:00:23:0,-0.313,0.038,0.991,49.865,20.752,54.138,
00:00:23:17,-0.286,0.051,0.981,65.551,27.038,67.016,
00:00:23:33,-0.296,0.04,0.989,81.97,23.498,76.66,
00:00:23:50,-0.31,0.026,1,93.383,32.47,62.622,
00:00:23:67,-0.31,0.004,1.011,78.674,47.485,59.204,
00:00:23:83,-0.313,-0.023,1.021,33.447,41.809,58.593,
00:00:23:100,-0.313,-0.052,1.062,-54.932,41.809,66.772,
00:00:23:117,-0.317,-0.05,0.991,-171.814,26.916,81.237,
00:00:23:133,-0.322,-0.009,0.948,-239.441,25.085,53.711,
00:00:23:150,-0.305,0,0.904,-286.622,21.362,35.095,
00:00:23:167,-0.308,-0.018,0.854,-316.407,3.234,7.141,
00:00:23:183,-0.316,-0.068,0.8,-379.7,29.113,-12.635,
00:00:23:200,-0.257,-0.027,0.717,-414.856,73.974,-46.387,
00:00:23:217,-0.193,0.001,0.648,-403.016,104.614,-84.595,
00:00:23:233,-0.117,-0.004,0.617,-357.727,156.616,-113.526,cutRH
00:00:23:250,-0.028,0.084,0.644,-303.772,218.933,-125.733,
00:00:23:267,0.138,0.344,0.736,-165.833,286.987,-122.437,
00:00:23:283,0.256,0.51,0.875,40.893,279.358,-71.9,
00:00:23:300,0.244,0.509,0.989,161.499,235.595,20.935,
00:00:23:317,0.236,0.577,1.145,235.351,203.552,109.619,
00:00:23:333,0.157,0.496,1.155,383.789,167.175,146.545,
00:00:23:350,0.053,0.326,1.055,528.625,148.498,147.461,
00:00:23:367,-0.056,0.158,0.99,605.59,143.982,130.005,
00:00:23:383,-0.083,0.139,0.981,617.736,143.615,111.267,
00:00:23:400,-0.121,0.097,1.014,608.032,105.957,76.11,
00:00:23:417,-0.173,-0.017,1.089,520.63,68.359,61.279,
00:00:23:433,-0.187,-0.134,1.206,310.974,49.926,50.842,
00:00:23:450,-0.204,-0.037,1.183,81.665,24.231,37.475,
00:00:23:467,-0.234,-0.086,1.106,92.712,-9.766,23.01,
00:00:23:483,-0.273,-0.263,1.029,45.471,-44.922,-45.105,
00:00:23:500,-0.354,-0.306,0.888,-25.452,-47.608,-67.627,
00:00:23:517,-0.367,-0.354,0.889,-60.059,-60.73,-120.728,
00:00:23:533,-0.401,-0.273,0.818,-152.039,-46.509,-167.969,
00:00:23:550,-0.365,-0.179,0.865,-162.598,-33.143,-191.04,
00:00:23:567,-0.329,0.006,0.924,-146.851,-28.931,-182.557,
00:00:23:583,-0.296,0.104,0.93,-85.328,-33.02,-150.94,
00:00:23:600,-0.344,0.025,0.9,-3.296,-18.25,-123.841,
00:00:23:617,-0.36,-0.125,0.847,-11.597,51.269,-127.991,
00:00:23:633,-0.23,-0.032,0.805,-21.424,117.492,-131.653,
00:00:23:650,-0.186,-0.032,0.917,72.631,157.043,-149.048,
00:00:23:667,-0.014,0.161,0.919,106.872,231.323,-140.992,
00:00:23:683,0.101,0.118,1.159,290.039,179.138,-141.48,
00:00:23:700,0.225,0.156,1.478,200.256,139.526,-111.145,
00:00:23:717,0.435,0.336,1.608,-13.245,51.025,-26.001,
00:00:23:733,0.226,0.142,1.331,-20.935,-69.825,-20.264,
00:00:23:750,0.124,-0.124,0.967,-67.139,-51.331,-18.616,
00:00:23:767,0.207,0.113,0.931,-199.463,-32.41,12.39,
00:00:23:783,0.038,0.156,0.904,-75.013,-18.067,26.306,
00:00:23:800,-0.024,0.029,0.94,-16.785,24.047,25.268,
00:00:23:817,-0.054,0.035,1.224,182.006,-31.373,21.789,
00:00:23:833,-0.248,-0.319,1.329,38.086,-68.299,-46.448,
00:00:23:850,-0.148,-0.094,1.13,-306.214,-41.871,-40.589,
00:00:23:867,-0.137,0.185,0.811,-362.122,-27.466,-10.682,
00:00:23:883,-0.126,0.289,0.73,-115.479,19.287,50.476,
00:00:23:900,-0.136,0.128,0.909,95.825,-10.071,74.768,
00:00:23:917,-0.256,-0.019,0.976,109.985,23.132,91.735,
00:00:23:933,-0.242,-0.082,1.005,109.802,11.779,78.247,
00:00:23:950,-0.339,-0.188,1.051,100.891,-14.893,49.377,
00:00:23:967,-0.327,-0.218,1.023,35.888,-29.725,8.972,
00:00:23:983,-0.355,-0.177,1.004,11.474,-75.44,-31.189,
00:00:24:0,-0.362,-0.172,0.962,-7.019,-77.637,-70.13,
00:00:24:17,-0.337,-0.121,0.929,-27.527,-59.571,-99.854,
00:00:24:33,-0.234,-0.026,1.04,-60.181,-49.988,-105.286,
00:00:24:50,-0.167,0.075,1.04,-91.248,-67.2,-99.06,
00:00:24:67,-0.177,0.121,1.054,-68.421,-64.637,-73.731,
00:00:24:83,-0.145,0.091,1.006,-60.547,-69.275,-55.848,
00:00:24:100,-0.171,0.068,0.999,-49.317,-78.614,-46.509,
00:00:24:117,-0.145,0.038,0.973,-68.421,-75.562,-42.42,
00:00:24:133,-0.155,0.047,0.973,-70.313,-80.079,-36.316,
00:00:24:150,-0.144,0.021,0.958,-71.473,-81.055,-47.669,
00:00:24:167,-0.156,-0.007,0.945,-96.558,-90.21,-59.021,
00:00:24:183,-0.165,0.057,0.974,-121.46,-69.458,-65.186,
00:00:24:200,-0.144,0.08,0.946,-110.108,-53.406,-69.031,
00:00:24:217,-0.161,0.032,0.946,-90.271,-62.5,-70.557,
00:00:24:233,-0.177,0.079,0.948,-105.713,-47.364,-71.167,
00:00:24:250,-0.166,0.111,0.932,-108.094,-40.406,-68.299,
00:00:24:267,-0.186,0.116,0.932,-90.088,-36.072,-64.637,
00:00:24:283,-0.192,0.109,0.966,-79.712,-14.588,-62.684,
00:00:24:300,-0.189,0.11,0.943,-70.435,1.709,-56.031,
00:00:24:317,-0.19,0.1,0.942,-66.224,2.99,-57.435,
00:00:24:333,-0.189,0.131,0.971,-61.89,-3.785,-49.134,
00:00:24:350,-0.202,0.125,0.983,-48.584,-5.005,-46.814,
00:00:24:367,-0.2,0.115,0.988,-37.537,-13.123,-42.237,
00:00:24:383,-0.201,0.102,1.014,-45.044,-25.147,-41.932,
00:00:24:400,-0.197,0.111,1.004,-56.763,-36.866,-41.626,
00:00:24:417,-0.198,0.091,1.004,-62.195,-59.082,-42.298,
00:00:24:433,-0.209,0.083,1.002,-76.722,-70.557,-48.035,
00:00:24:450,-0.209,0.09,0.998,-83.68,-72.388,-43.091,
00:00:24:467,-0.207,0.13,0.958,-83.802,-87.22,-46.753,
00:00:24:483,-0.202,0.161,0.972,-37.049,-131.165,-51.453,
00:00:24:500,-0.245,0.116,0.988,13.244,-128.174,-57.923,
00:00:24:517,-0.224,0.105,1.004,10.498,-109.498,-57.557,
00:00:24:533,-0.226,0.119,0.992,6.836,-107.239,-60.547,
00:00:24:550,-0.247,0.116,0.971,14.16,-93.689,-63.477,
00:00:24:567,-0.231,0.114,0.936,19.287,-89.173,-65.186,
00:00:24:583,-0.256,0.108,0.998,20.202,-123.047,-60.547,
00:00:24:600,-0.29,0.094,0.997,20.263,-110.84,-57.984,
00:00:24:617,-0.282,0.042,0.969,2.319,-91.492,-65.064,
00:00:24:633,-0.291,0.046,0.945,-37.964,-76.722,-69.031,
00:00:24:650,-0.295,0.079,0.93,-54.139,-58.716,-70.801,
00:00:24:667,-0.297,0.125,0.921,-34.485,-44.312,-64.026,
00:00:24:683,-0.295,0.151,0.922,6.897,-38.086,-56.519,
00:00:24:700,-0.293,0.135,0.938,40.1,-37.537,-44.8,
00:00:24:717,-0.294,0.129,0.964,44.311,-29.236,-37.354,
00:00:24:733,-0.28,0.117,0.952,34.301,-26.368,-30.518,
00:00:24:750,-0.282,0.138,0.945,33.874,-28.809,-19.165,
00:00:24:767,-0.287,0.144,0.946,52.063,-31.678,-11.78,
00:00:24:783,-0.3,0.127,0.944,69.091,-33.02,-4.639,
00:00:24:800,-0.305,0.112,0.949,61.401,-30.762,2.563,
00:00:24:817,-0.308,0.107,0.939,43.273,-23.194,8.544,
00:00:24:833,-0.303,0.123,0.948,32.226,-16.236,15.136,
00:00:24:850,-0.305,0.115,0.955,15.747,-8.667,17.883,
00:00:24:867,-0.293,0.152,0.95,9.399,-1.282,23.193,
00:00:24:883,-0.296,0.137,0.947,13.427,0.305,27.587,
00:00:24:900,-0.295,0.13,0.941,22.522,5.676,29.724,
00:00:24:917,-0.289,0.13,0.941,25.94,8.483,35.217,
00:00:24:933,-0.291,0.128,0.956,29.785,10.742,37.048,
00:00:24:950,-0.28,0.112,0.953,18.31,15.38,37.414,
00:00:24:967,-0.28,0.094,0.947,2.014,18.127,36.132,
00:00:24:983,-0.272,0.094,0.933,-8.667,31.372,30.822,
00:00:25:0,-0.252,0.093,0.937,-8.484,40.588,25.146,
00:00:25:17,-0.235,0.098,0.954,-5.738,43.701,22.949,
00:00:25:33,-0.232,0.103,0.97,0.61,38.757,15.38,
00:00:25:50,-0.239,0.104,0.999,5.127,36.804,8.544,
00:00:25:67,-0.234,0.094,0.998,-0.733,41.931,2.38,
00:00:25:83,-0.225,0.117,0.947,14.77,48.767,1.892,
00:00:25:100,-0.189,0.136,1.023,67.81,4.089,0.244,
00:00:25:117,-0.269,0.067,1.057,64.453,-8.179,-8.362,
00:00:25:133,-0.246,0.081,1.031,29.602,15.686,-1.587,
00:00:25:150,-0.253,0.103,1.014,27.771,3.967,5.065,
00:00:25:167,-0.263,0.085,0.993,34.057,-1.099,7.019,
00:00:25:183,-0.272,0.078,0.977,24.963,-10.315,3.723,
00:00:25:200,-0.285,0.061,0.938,9.155,-4.639,8.972,
00:00:25:217,-0.282,0.072,0.956,1.22,3.356,8.178,
00:00:25:233,-0.284,0.08,0.997,-4.456,5.981,9.643,cutRH
00:00:25:250,-0.284,0.092,0.994,6.164,11.169,13.366,
00:00:25:267,-0.287,0.102,0.991,26.916,8.85,9.46,
00:00:25:283,-0.303,0.104,0.997,41.076,2.868,13.549,
00:00:25:300,-0.322,0.105,1.008,43.945,9.399,16.723,
00:00:25:317,-0.337,0.119,1,49.804,11.108,28.808,
00:00:25:333,-0.36,0.109,1.001,59.143,9.887,38.024,
00:00:25:350,-0.373,0.093,0.997,58.837,23.315,51.696,
00:00:25:367,-0.373,0.089,0.988,51.574,28.32,67.627,
00:00:25:383,-0.375,0.069,0.982,29.296,30.822,83.129,
00:00:25:400,-0.388,0.016,0.936,-18.921,19.531,88.806,
00:00:25:417,-0.402,-0.032,0.86,-99.732,16.174,94.299,
00:00:25:433,-0.405,-0.106,0.805,-206.36,39.856,72.448,
00:00:25:450,-0.379,-0.029,0.744,-239.869,100.83,18.676,
00:00:25:467,-0.319,0.003,0.669,-194.031,123.657,-31.983,
00:00:25:483,-0.34,-0.1,0.6,-150.208,131.103,-101.319,
00:00:25:500,-0.252,-0.068,0.561,-177.185,218.628,-154.236,
00:00:25:517,-0.163,0.029,0.533,-178.101,231.323,-199.585,
00:00:25:533,-0.095,0.18,0.655,-123.23,263.855,-203.431,
00:00:25:550,0.053,0.391,0.977,-12.574,324.524,-161.072,
00:00:25:567,0.25,0.573,1.265,78.613,303.65,-96.009,
00:00:25:583,0.311,0.618,1.431,147.583,202.514,5.188,
00:00:25:600,0.34,0.584,1.368,188.11,82.214,105.041,
00:00:25:617,0.003,0.175,1.205,306.701,-27.649,117.981,
00:00:25:633,-0.059,-0.117,0.97,285.339,86.242,112.548,
00:00:25:650,-0.049,-0.165,1.034,207.458,98.51,65.429,
00:00:25:667,-0.111,-0.12,1.173,138.488,99.121,24.658,
00:00:25:683,-0.167,-0.072,1.229,55.725,63.537,-5.005,
00:00:25:700,-0.245,-0.006,1.23,-56.397,21.911,-3.54,
00:00:25:717,-0.252,0.064,1.193,-177.43,-7.813,0.244,
00:00:25:733,-0.338,0.173,0.903,-149.476,-18.311,7.751,
00:00:25:750,-0.337,0.057,0.795,-152.283,-40.284,-7.386,
00:00:25:767,-0.395,0.04,0.762,-130.738,-42.603,-2.198,
00:00:25:783,-0.45,-0.002,0.557,-121.949,-30.945,-36.133,
00:00:25:800,-0.432,-0.013,0.616,-121.949,-7.264,-65.674,
00:00:25:817,-0.394,0.172,0.769,-122.254,46.752,-57.129,
00:00:25:833,-0.28,0.269,0.858,-38.758,56.03,-47.974,
00:00:25:850,-0.302,0.156,0.893,-12.33,43.884,-33.509,
00:00:25:867,-0.321,0.046,0.913,-86.426,121.399,-39.734,
00:00:25:883,-0.207,-0.008,0.736,-1.709,134.216,-99.488,
00:00:25:900,-0.147,-0.119,1.018,91.857,180.359,-164.307,
00:00:25:917,-0.06,-0.029,1.126,111.816,178.894,-217.774,
00:00:25:933,0.221,0.199,1.446,35.4,176.818,-200.745,
00:00:25:950,0.298,0.469,1.673,-92.53,72.937,-117.981,
00:00:25:967,0.066,0.323,1.265,10.192,-33.448,-95.093,
00:00:25:983,0.048,-0.034,1.035,-20.142,0.61,-40.101,
00:00:26:0,0.021,0.146,0.969,-102.295,-3.235,-41.504,
00:00:26:17,0.097,0.255,0.99,-107.239,26.672,-12.696,
00:00:26:33,-0.021,0.335,0.961,-76.477,20.324,18.981,
00:00:26:50,-0.085,0.313,0.947,5.798,49.011,40.649,
00:00:26:67,-0.084,0.29,0.948,1.648,46.325,59.021,
00:00:26:83,-0.133,0.252,0.963,41.626,41.381,60.485,
00:00:26:100,-0.162,0.181,0.928,13.794,32.226,52.307,
00:00:26:117,-0.221,0.107,0.91,-36.316,29.602,32.836,
00:00:26:133,-0.226,0.096,0.888,-53.956,21.911,12.878,
00:00:26:150,-0.255,0.079,0.915,-33.875,9.094,-6.287,
00:00:26:167,-0.264,0.063,0.967,-1.77,2.197,-20.935,
00:00:26:183,-0.273,0.097,0.944,27.282,6.164,-29.358,
00:00:26:200,-0.297,0.079,0.944,66.162,17.822,-31.006,
00:00:26:217,-0.271,0.053,1.002,88.317,11.413,-35.157,
00:00:26:233,-0.23,0.066,1.053,58.532,9.216,-40.528,
00:00:26:250,-0.22,0.076,1.096,30.456,-21.668,-39.185,
00:00:26:267,-0.197,0.083,1.065,-0.245,-25.086,-28.748,
00:00:26:283,-0.191,0.098,0.961,-0.55,-31.006,-26.429,
00:00:26:300,-0.163,0.112,1.004,28.259,-31.861,-16.846,
00:00:26:317,-0.146,0.153,1.071,36.682,-33.265,-13.062,
00:00:26:333,-0.119,0.132,1.023,27.282,-46.875,10.925,
00:00:26:350,-0.152,0.079,1.014,7.69,-52.552,10.986,
00:00:26:367,-0.155,0.06,1.012,-22.889,-59.571,7.995,
00:00:26:383,-0.162,0.01,1.022,-66.59,-78.064,-7.874,
00:00:26:400,-0.191,-0.015,1.022,-192.078,-104.859,-34.058,
00:00:26:417,-0.215,-0.008,1.002,-286.988,-115.601,-62.378,
00:00:26:433,-0.22,0.07,1.006,-337.586,-110.169,-80.323,
00:00:26:450,-0.213,0.115,0.967,-344.117,-119.69,-93.079,
00:00:26:467,-0.233,0.159,0.981,-353.516,-127.076,-98.999,
00:00:26:483,-0.227,0.21,0.977,-355.286,-131.592,-99.549,
00:00:26:500,-0.201,0.262,0.96,-355.408,-163.025,-98.572,
00:00:26:517,-0.232,0.323,0.941,-314.393,-180.176,-93.995,
00:00:26:533,-0.215,0.341,0.916,-242.005,-168.03,-83.008,
00:00:26:550,-0.211,0.332,0.873,-182.923,-185.73,-82.337,
00:00:26:567,-0.235,0.312,0.852,-147.339,-176.697,-75.562,
00:00:26:583,-0.223,0.316,0.84,-105.774,-163.88,-75.562,
00:00:26:600,-0.243,0.308,0.795,-75.623,-150.208,-71.961,
00:00:26:617,-0.263,0.288,0.799,-60.975,-116.089,-67.566,
00:00:26:633,-0.27,0.323,0.77,-40.467,-70.191,-56.763,
00:00:26:650,-0.261,0.322,0.797,11.962,-85.389,-59.449,
00:00:26:667,-0.309,0.279,0.851,49.987,-72.022,-54.627,
00:00:26:683,-0.318,0.262,0.896,41.748,-49.134,-59.144,
00:00:26:700,-0.297,0.269,0.885,23.681,-44.495,-68.909,
00:00:26:717,-0.299,0.271,0.872,24.231,-45.044,-67.505,
00:00:26:733,-0.304,0.291,0.888,46.447,-39.185,-68.055,
00:00:26:750,-0.298,0.295,0.934,51.025,-57.862,-72.632,
00:00:26:767,-0.321,0.272,0.968,13.61,-55.298,-85.144,
00:00:26:783,-0.257,0.339,0.921,28.381,-17.579,-37.049,
00:00:26:800,-0.275,0.329,0.927,42.297,-21.119,-18.921,
00:00:26:817,-0.272,0.315,0.923,52.795,-21.729,-10.682,
00:00:26:833,-0.27,0.334,0.961,89.782,-17.151,13,
00:00:26:850,-0.264,0.301,0.988,127.441,-17.334,18.92,
00:00:26:867,-0.273,0.233,0.979,109.192,-16.48,22.033,
00:00:26:883,-0.268,0.207,0.934,49.255,-25.208,16.113,
00:00:26:900,-0.272,0.231,0.921,27.771,-34.852,10.192,
00:00:26:917,-0.276,0.244,0.935,51.33,-34.241,7.324,
00:00:26:933,-0.273,0.255,0.958,70.19,-26.795,10.559,
00:00:26:950,-0.265,0.251,0.971,78.491,-24.903,12.756,
00:00:26:967,-0.262,0.244,0.977,62.622,-25.635,13.732,
00:00:26:983,-0.261,0.256,0.963,48.889,-30.03,16.723,
00:00:27:0,-0.267,0.267,0.956,49.072,-30.152,26.733,
00:00:27:17,-0.261,0.289,0.921,64.209,-44.617,43.579,
00:00:27:33,-0.301,0.28,0.987,100.463,-89.966,40.1,
00:00:27:50,-0.325,0.215,0.968,91.919,-81.971,40.222,
00:00:27:67,-0.318,0.227,0.942,60.302,-78.125,39.245,
00:00:27:83,-0.339,0.192,0.9,38.818,-68.177,34.606,
00:00:27:100,-0.337,0.155,0.842,-5.677,-61.402,33.081,
00:00:27:117,-0.355,0.184,0.811,-42.176,-56.336,29.052,
00:00:27:133,-0.369,0.21,0.801,-24.964,-48.218,23.132,
00:00:27:150,-0.389,0.2,0.813,24.902,-32.41,0.427,
00:00:27:167,-0.388,0.188,0.827,53.039,-3.479,4.15,
00:00:27:183,-0.381,0.167,0.833,62.439,27.343,-5.555,
00:00:27:200,-0.368,0.158,0.847,54.87,55.297,-13.367,
00:00:27:217,-0.342,0.185,0.869,36.193,77.636,-16.663,
00:00:27:233,-0.316,0.192,0.894,15.197,75.256,-20.508,
00:00:27:250,-0.312,0.229,0.915,1.953,74.646,-18.799,
00:00:27:267,-0.301,0.255,0.936,15.625,73.608,-14.039,
00:00:27:283,-0.298,0.247,0.939,32.714,67.199,-12.33,
00:00:27:300,-0.296,0.239,0.946,54.748,68.786,-14.1,
00:00:27:317,-0.286,0.235,0.959,69.213,73.303,-13.55,
00:00:27:333,-0.277,0.221,0.964,72.204,78.125,-21.79,
00:00:27:350,-0.266,0.199,0.96,58.96,87.646,-24.414,
00:00:27:367,-0.236,0.238,0.918,40.466,105.224,-19.898,
00:00:27:383,-0.186,0.299,1.057,83.129,39.001,-14.893,
00:00:27:400,-0.254,0.231,1.078,107.727,33.569,-15.259,
00:00:27:417,-0.219,0.215,1.042,56.274,24.841,-8.118,
00:00:27:433,-0.248,0.226,1.021,35.888,4.028,-2.93,
00:00:27:450,-0.254,0.199,0.989,47.607,5.065,-1.282,
00:00:27:467,-0.253,0.189,0.967,65.612,-3.663,-3.724,
00:00:27:483,-0.256,0.175,0.964,82.336,-11.841,-7.203,
00:00:27:500,-0.269,0.149,0.945,79.711,-11.963,-10.193,
00:00:27:517,-0.272,0.169,0.952,60.119,-13.123,-9.278,
00:00:27:533,-0.288,0.176,0.95,53.955,-10.376,-8.179,
00:00:27:550,-0.301,0.177,0.946,52.246,-2.015,-5.86,
00:00:27:567,-0.318,0.179,0.95,47.302,6.286,1.831,
00:00:27:583,-0.332,0.161,0.94,32.653,19.348,8.911,
00:00:27:600,-0.347,0.154,0.949,8.972,33.02,18.31,
00:00:27:617,-0.369,0.106,0.955,-43.519,49.133,22.461,
00:00:27:633,-0.383,0.096,0.961,-125.977,68.176,20.446,
00:00:27:650,-0.388,0.103,0.964,-214.173,75.439,9.216,
00:00:27:667,-0.387,0.204,0.945,-200.44,76.294,-5.677,
00:00:27:683,-0.364,0.264,0.903,-71.228,65.063,-19.776,
00:00:27:700,-0.351,0.224,0.894,18.615,27.404,-26.123,
00:00:27:717,-0.363,0.179,0.909,0.732,16.357,-16.053,
00:00:27:733,-0.326,0.215,0.922,-18.677,41.32,-5.616,
00:00:27:750,-0.286,0.27,0.941,17.761,53.161,0.549,
00:00:27:767,-0.248,0.28,0.981,78.308,54.565,13.244,
00:00:27:783,-0.208,0.287,1.042,111.389,54.809,29.907,
00:00:27:800,-0.172,0.311,1.111,118.408,57.434,54.992,
00:00:27:817,-0.137,0.288,1.124,109.68,42.053,70.617,
00:00:27:833,-0.149,0.282,1.108,107.91,16.784,85.083,
00:00:27:850,-0.172,0.264,1.04,129.089,2.075,86.181,
00:00:27:867,-0.18,0.192,0.958,128.112,-18.616,84.228,
00:00:27:883,-0.24,0.135,0.882,97.961,-46.021,87.158,
00:00:27:900,-0.28,0.131,0.812,49.987,-32.776,89.721,
00:00:27:917,-0.289,0.133,0.759,3.234,-23.865,81.298,
00:00:27:933,-0.36,0.094,0.632,22.033,-5.188,87.219,
00:00:27:950,-0.395,0.06,0.58,85.571,33.203,63.598,
00:00:27:967,-0.423,0.004,0.578,103.759,75.744,59.082,
00:00:27:983,-0.414,-0.005,0.63,87.89,121.399,35.034,
00:00:28:0,-0.363,0.041,0.745,61.279,171.508,13.427,
00:00:28:17,-0.334,0.115,0.788,43.884,175.476,-8.728,
00:00:28:33,-0.333,0.072,0.773,73.425,158.874,-42.603,
00:00:28:50,-0.339,0.019,0.745,72.692,139.709,-85.389,
00:00:28:67,-0.33,-0.006,0.723,52.978,166.931,-128.968,
00:00:28:83,-0.286,-0.01,0.759,57.373,197.815,-181.824,
00:00:28:100,-0.175,0.024,0.86,65.307,255.493,-226.624,
00:00:28:117,0.005,0.19,1.049,92.407,274.231,-254.578,
00:00:28:133,0.145,0.316,1.286,129.455,272.338,-223.694,
00:00:28:150,0.273,0.612,1.375,97.168,260.437,-119.812,
00:00:28:167,0.422,0.574,1.539,208.435,146.667,-13.733,
00:00:28:183,0.16,0.29,1.422,236.816,-56.702,20.263,
00:00:28:200,-0.037,-0.08,1.137,201.355,12.512,39.306,
00:00:28:217,-0.039,-0.143,1.045,102.966,42.785,-0.733,
00:00:28:233,-0.07,-0.104,1.103,-15.931,35.339,-27.1,
00:00:28:250,-0.124,0.058,1.203,-176.636,6.713,-18.555,
00:00:28:267,-0.161,0.243,1.101,-234.742,-2.686,-6.409,
00:00:28:283,-0.205,0.228,0.965,-128.907,-11.963,2.685,
00:00:28:300,-0.233,0.144,0.93,-89.722,-5.372,8.972,
00:00:28:317,-0.238,0.107,0.861,-109.925,25.268,5.676,
